Player,Position,Games Played,Targets,Receptions,Catch Percentage,Reception Yds,Reception Yds Per Attempt,Reception Yds Per Game,Reception TD,Rush,Rush Yds,Rush TD,Rush Yds Per Attempt,Rush Yds Per Game
A.J. Brown,WR,60,440.0,273,62.05,4491,16.45,4.55,35,5.0,70.0,1.0,14.0,2.41
A.J. Derby,TE,25,65.0,40,61.54,452,11.3,1.6,3,0.0,0.0,0.0,0.0,0.0
A.J. Green,WR,127,990.0,565,57.07,8107,14.35,4.45,52,2.0,2.0,0.0,1.0,0.15
A.J. Jenkins,WR,25,32.0,17,53.12,223,13.12,0.68,0,4.0,4.0,0.0,1.0,0.16
Aaron Burbridge,WR,16,16.0,7,43.75,88,12.57,0.44,0,0.0,0.0,0.0,0.0,0.0
Aaron Dobson,WR,24,98.0,53,54.08,698,13.17,2.21,4,0.0,0.0,0.0,0.0,0.0
Ace Sanders,WR,27,94.0,57,60.64,539,9.46,2.11,1,2.0,4.0,0.0,2.0,0.27
Adam Humphries,WR,96,455.0,320,70.33,3314,10.36,3.33,13,9.0,36.0,0.0,4.0,0.61
Adam Shaheen,TE,42,57.0,38,66.67,382,10.05,0.9,4,0.0,0.0,0.0,0.0,0.0
Adam Thielen,WR,135,776.0,534,68.81,6682,12.51,3.96,55,21.0,172.0,1.0,8.19,1.45
Adam Trautman,TE,43,81.0,60,74.07,641,10.68,1.4,4,0.0,0.0,0.0,0.0,0.0
Alan Cross,TE,36,21.0,13,61.9,105,8.08,0.36,1,0.0,0.0,0.0,0.0,0.0
Albert Okwuegbunam,TE,26,73.0,54,73.97,546,10.11,2.08,4,0.0,0.0,0.0,0.0,0.0
Albert Wilson,WR,89,334.0,218,65.27,2499,11.46,2.45,12,27.0,160.0,1.0,5.93,2.08
Aldrick Robinson,WR,67,161.0,75,46.58,1185,15.8,1.12,11,3.0,-4.0,0.0,-1.33,-0.25
Alec Pierce,WR,16,78.0,41,52.56,593,14.46,2.56,2,0.0,0.0,0.0,0.0,0.0
Alex Ellis,TE,6,4.0,3,75.0,11,3.67,0.5,0,0.0,0.0,0.0,0.0,0.0
Alex Erickson,WR,97,152.0,96,63.16,1141,11.89,0.99,1,18.0,78.0,0.0,4.33,1.22
Alex Smith,TE,19,8.0,3,37.5,12,4.0,0.16,1,0.0,0.0,0.0,0.0,0.0
Alexander Hollins,WR,5,4.0,2,50.0,46,23.0,0.4,0,0.0,0.0,0.0,0.0,0.0
Allen Hurns,WR,82,416.0,241,57.93,3380,14.02,2.94,25,0.0,0.0,0.0,0.0,0.0
Allen Lazard,WR,57,259.0,169,65.25,2236,13.23,2.96,20,8.0,70.0,0.0,8.75,1.25
Allen Reisner,TE,5,9.0,5,55.56,40,8.0,1.0,0,0.0,0.0,0.0,0.0,0.0
Allen Robinson,WR,110,901.0,528,58.6,6748,12.78,4.8,43,3.0,10.0,0.0,3.33,0.22
Alshon Jeffery,WR,99,779.0,451,57.89,6419,14.23,4.56,43,23.0,140.0,1.0,6.09,3.33
Amara Darboh,WR,16,13.0,8,61.54,71,8.88,0.5,0,0.0,0.0,0.0,0.0,0.0
Amari Cooper,WR,125,950.0,595,62.63,8236,13.84,4.76,55,14.0,41.0,0.0,2.93,0.44
Amari Rodgers,WR,16,8.0,4,50.0,45,11.25,0.25,0,1.0,11.0,0.0,11.0,0.69
Amon-Ra St. Brown,WR,33,265.0,196,73.96,2073,10.58,5.94,11,16.0,156.0,1.0,9.75,4.73
Andre Baccellia,WR,8,10.0,7,70.0,45,6.43,0.88,0,0.0,0.0,0.0,0.0,0.0
Andre Caldwell,WR,46,66.0,31,46.97,319,10.29,0.67,5,2.0,10.0,0.0,5.0,0.33
Andre Holmes,WR,87,255.0,126,49.41,1733,13.75,1.45,15,0.0,0.0,0.0,0.0,0.0
Andre Johnson,WR,55,426.0,244,57.28,2931,12.01,4.44,14,0.0,0.0,0.0,0.0,0.0
Andre Patton,WR,13,17.0,6,35.29,56,9.33,0.46,0,0.0,0.0,0.0,0.0,0.0
Andre Roberts,WR,133,230.0,123,53.48,1427,11.6,0.92,6,9.0,64.0,0.0,7.11,0.84
Andrew Beck,TE,16,12.0,9,75.0,90,10.0,0.56,1,1.0,3.0,0.0,3.0,0.19
Andrew Hawkins,WR,47,227.0,135,59.47,1623,12.02,2.87,5,7.0,18.0,0.0,2.57,0.46
Andrew Quarless,TE,37,104.0,65,62.5,666,10.25,1.76,5,0.0,0.0,0.0,0.0,0.0
Andrew Turzilli,WR,3,2.0,2,100.0,25,12.5,0.67,0,0.0,0.0,0.0,0.0,0.0
Andy Isabella,WR,36,49.0,31,63.27,426,13.74,0.86,3,5.0,9.0,0.0,1.8,0.32
Andy Jones,WR,8,24.0,11,45.83,80,7.27,1.38,1,0.0,0.0,0.0,0.0,0.0
Anquan Boldin,WR,62,465.0,304,65.38,3614,11.89,4.9,24,3.0,15.0,0.0,5.0,0.47
Anthony Fasano,TE,72,140.0,94,67.14,905,9.63,1.31,12,0.0,0.0,0.0,0.0,0.0
Anthony Firkser,TE,11,13.0,9,69.23,100,11.11,0.82,0,0.0,0.0,0.0,0.0,0.0
Anthony Miller,WR,50,227.0,140,61.67,1589,11.35,2.8,12,9.0,37.0,0.0,4.11,0.79
Anthony Schwartz,WR,25,33.0,14,42.42,186,13.29,0.56,1,10.0,96.0,1.0,9.6,3.84
Antoine Wesley,WR,15,32.0,19,59.38,208,10.95,1.27,3,0.0,0.0,0.0,0.0,0.0
Antonio Brown,WR,108,1158.0,777,67.1,10229,13.16,7.19,76,21.0,63.0,0.0,3.0,0.8
Antonio Callaway,WR,25,98.0,53,54.08,695,13.11,2.12,5,2.0,7.0,0.0,3.5,0.44
Antonio Gates,TE,89,487.0,313,64.27,3520,11.25,3.52,33,0.0,0.0,0.0,0.0,0.0
Antony Auclair,TE,48,18.0,15,83.33,131,8.73,0.31,1,0.0,0.0,0.0,0.0,0.0
ArDarius Stewart,WR,15,13.0,6,46.15,82,13.67,0.4,0,7.0,27.0,0.0,3.86,1.8
Armani Rogers,TE,11,6.0,5,83.33,64,12.8,0.45,0,2.0,26.0,0.0,13.0,2.36
Arrelious Benn,WR,24,12.0,6,50.0,128,21.33,0.25,1,0.0,0.0,0.0,0.0,0.0
Ashton Dulin,WR,55,52.0,33,63.46,450,13.64,0.6,3,7.0,51.0,0.0,7.29,1.21
Auden Tate,WR,35,118.0,61,51.69,799,13.1,1.74,2,0.0,0.0,0.0,0.0,0.0
Austin Carr,WR,26,22.0,13,59.09,133,10.23,0.5,3,0.0,0.0,0.0,0.0,0.0
Austin Collie,WR,7,11.0,6,54.55,63,10.5,0.86,0,0.0,0.0,0.0,0.0,0.0
Austin Hooper,TE,105,468.0,339,72.44,3468,10.23,3.23,25,0.0,0.0,0.0,0.0,0.0
Austin Mack,WR,11,11.0,7,63.64,91,13.0,0.64,0,0.0,0.0,0.0,0.0,0.0
Austin Pettis,WR,25,80.0,50,62.5,517,10.34,2.0,5,0.0,0.0,0.0,0.0,0.0
Austin Seferian-Jenkins,TE,43,190.0,116,61.05,1160,10.0,2.7,11,0.0,0.0,0.0,0.0,0.0
Austin Trammell,WR,6,4.0,2,50.0,13,6.5,0.33,0,0.0,0.0,0.0,0.0,0.0
Austin Traylor,TE,7,13.0,8,61.54,100,12.5,1.14,0,0.0,0.0,0.0,0.0,0.0
Bear Pascoe,TE,32,22.0,14,63.64,84,6.0,0.44,1,1.0,2.0,0.0,2.0,0.12
Ben Braunecker,TE,39,22.0,13,59.09,142,10.92,0.33,1,0.0,0.0,0.0,0.0,0.0
Ben Ellefson,TE,11,7.0,4,57.14,36,9.0,0.36,0,0.0,0.0,0.0,0.0,0.0
Ben Koyack,TE,41,34.0,25,73.53,208,8.32,0.61,1,0.0,0.0,0.0,0.0,0.0
Ben Skowronek,WR,28,81.0,50,61.73,509,10.18,1.79,0,1.0,17.0,1.0,17.0,1.21
Ben Watson,TE,89,320.0,226,70.62,2282,10.1,2.54,16,0.0,0.0,0.0,0.0,0.0
Bennie Fowler,WR,68,174.0,97,55.75,1101,11.35,1.43,6,1.0,20.0,0.0,20.0,2.5
Bernard Reedy,WR,11,2.0,2,100.0,21,10.5,0.18,0,3.0,17.0,0.0,5.67,1.55
Billy Bajema,TE,6,2.0,2,100.0,18,9.0,0.33,0,0.0,0.0,0.0,0.0,0.0
Blake Bell,TE,100,94.0,60,63.83,641,10.68,0.6,1,5.0,12.0,0.0,2.4,0.38
Blake Jarwin,TE,41,95.0,70,73.68,780,11.14,1.71,8,0.0,0.0,0.0,0.0,0.0
Bobo Wilson,WR,14,17.0,8,47.06,105,13.12,0.57,1,3.0,8.0,0.0,2.67,2.67
Bradley Marquez,WR,30,29.0,16,55.17,125,7.81,0.53,0,1.0,2.0,0.0,2.0,0.14
Brandin Cooks,WR,132,964.0,630,65.35,8616,13.68,4.77,49,50.0,309.0,2.0,6.18,2.64
Brandon Aiyuk,WR,46,294.0,194,65.99,2589,13.35,4.22,18,13.0,117.0,2.0,9.0,2.54
Brandon Bostick,TE,40,29.0,17,58.62,186,10.94,0.42,2,0.0,0.0,0.0,0.0,0.0
Brandon Coleman,WR,48,124.0,79,63.71,1099,13.91,1.65,8,0.0,0.0,0.0,0.0,0.0
Brandon Gibson,WR,21,94.0,59,62.77,621,10.53,2.81,4,0.0,0.0,0.0,0.0,0.0
Brandon Johnson,WR,7,14.0,6,42.86,42,7.0,0.86,1,0.0,0.0,0.0,0.0,0.0
Brandon LaFell,WR,81,490.0,288,58.78,3640,12.64,3.56,23,7.0,35.0,0.0,5.0,0.59
Brandon Lloyd,WR,14,35.0,14,40.0,294,21.0,1.0,1,0.0,0.0,0.0,0.0,0.0
Brandon Marshall,WR,72,627.0,358,57.1,4596,12.84,4.97,38,0.0,0.0,0.0,0.0,0.0
Brandon Myers,TE,57,139.0,88,63.31,898,10.2,1.54,5,0.0,0.0,0.0,0.0,0.0
Brandon Pettigrew,TE,36,93.0,58,62.37,553,9.53,1.61,3,0.0,0.0,0.0,0.0,0.0
Brandon Powell,WR,38,67.0,47,70.15,354,7.53,1.24,2,20.0,91.0,0.0,4.55,2.39
Brandon Stokley,WR,6,21.0,13,61.9,115,8.85,2.17,0,0.0,0.0,0.0,0.0,0.0
Brandon Tate,WR,76,57.0,34,59.65,456,13.41,0.45,3,6.0,69.0,0.0,11.5,2.23
Brandon Williams,TE,30,11.0,6,54.55,80,13.33,0.2,0,0.0,0.0,0.0,0.0,0.0
Brandon Williams,WR,14,17.0,13,76.47,121,9.31,0.93,0,0.0,0.0,0.0,0.0,0.0
Brandon Zylstra,WR,53,43.0,30,69.77,414,13.8,0.57,1,1.0,1.0,0.0,1.0,0.06
Braxton Berrios,WR,65,165.0,107,64.85,1085,10.14,1.65,5,19.0,160.0,4.0,8.42,3.27
Braxton Miller,WR,21,57.0,34,59.65,261,7.68,1.62,2,4.0,1.0,0.0,0.25,0.05
Braylon Sanders,WR,3,3.0,2,66.67,17,8.5,0.67,0,0.0,0.0,0.0,0.0,0.0
Brent Celek,TE,80,180.0,118,65.56,1525,12.92,1.48,11,0.0,0.0,0.0,0.0,0.0
Brenton Bersin,WR,42,51.0,32,62.75,415,12.97,0.76,1,0.0,0.0,0.0,0.0,0.0
Breshad Perriman,WR,80,292.0,145,49.66,2343,16.16,1.81,16,11.0,16.0,0.0,1.45,0.23
Brevin Jordan,TE,20,56.0,34,60.71,306,9.0,1.7,3,0.0,0.0,0.0,0.0,0.0
Brian Hartline,WR,44,273.0,161,58.97,2013,12.5,3.66,8,0.0,0.0,0.0,0.0,0.0
Brian Leonhardt,TE,16,9.0,7,77.78,39,5.57,0.44,1,0.0,0.0,0.0,0.0,0.0
Brian Parker,TE,22,12.0,6,50.0,39,6.5,0.27,0,0.0,0.0,0.0,0.0,0.0
Brian Quick,WR,69,194.0,103,53.09,1437,13.95,1.49,8,0.0,0.0,0.0,0.0,0.0
Brian Tyms,WR,18,16.0,7,43.75,94,13.43,0.39,1,0.0,0.0,0.0,0.0,0.0
Brice Butler,WR,69,143.0,79,55.24,1237,15.66,1.14,9,0.0,0.0,0.0,0.0,0.0
Brittan Golden,WR,44,34.0,18,52.94,293,16.28,0.41,1,0.0,0.0,0.0,0.0,0.0
Brock Wright,TE,27,41.0,30,73.17,333,11.1,1.11,6,0.0,0.0,0.0,0.0,0.0
Bruce Ellington,WR,44,130.0,79,60.77,769,9.73,1.8,5,11.0,54.0,1.0,4.91,1.23
Bryan Edwards,WR,35,79.0,48,60.76,779,16.23,1.37,4,1.0,0.0,0.0,0.0,0.0
Bryan Walters,WR,34,90.0,62,68.89,656,10.58,1.82,3,2.0,2.0,0.0,1.0,0.09
Bryce Treggs,WR,15,30.0,8,26.67,159,19.88,0.53,0,3.0,13.0,0.0,4.33,0.87
Brycen Hopkins,TE,19,12.0,8,66.67,118,14.75,0.42,0,0.0,0.0,0.0,0.0,0.0
Byron Pringle,WR,57,109.0,77,70.64,1033,13.42,1.35,9,0.0,0.0,0.0,0.0,0.0
C.J. Board,WR,28,27.0,18,66.67,189,10.5,0.64,0,2.0,9.0,0.0,4.5,0.45
C.J. Fiedorowicz,TE,51,142.0,89,62.68,881,9.9,1.75,6,0.0,0.0,0.0,0.0,0.0
C.J. Saunders,WR,2,2.0,2,100.0,11,5.5,1.0,0,0.0,0.0,0.0,0.0,0.0
C.J. Uzomah,TE,94,259.0,184,71.04,1823,9.91,1.96,15,0.0,0.0,0.0,0.0,0.0
Cade Johnson,WR,3,4.0,2,50.0,21,10.5,0.67,0,0.0,0.0,0.0,0.0,0.0
Cade Otton,TE,16,65.0,42,64.62,391,9.31,2.62,2,0.0,0.0,0.0,0.0,0.0
Calvin Johnson,WR,43,433.0,243,56.12,3783,15.57,5.65,29,0.0,0.0,0.0,0.0,0.0
Calvin Ridley,WR,49,380.0,248,65.26,3342,13.48,5.06,28,13.0,62.0,0.0,4.77,1.41
Cam Sims,WR,54,92.0,57,61.96,804,14.11,1.06,3,2.0,12.0,0.0,6.0,0.4
Cameron Batson,WR,27,29.0,22,75.86,197,8.95,0.81,2,7.0,36.0,0.0,5.14,1.33
Cameron Brate,TE,126,422.0,273,64.69,2857,10.47,2.17,33,0.0,0.0,0.0,0.0,0.0
Cameron Meredith,WR,31,123.0,86,69.92,1122,13.05,2.77,5,1.0,6.0,0.0,6.0,0.43
Cecil Shorts,WR,46,335.0,172,51.34,1970,11.45,3.74,6,10.0,47.0,0.0,4.7,4.27
Cedrick Wilson Jr.,WR,53,115.0,79,68.7,973,12.32,1.49,8,6.0,7.0,0.0,1.17,0.15
CeeDee Lamb,WR,49,387.0,260,67.18,3396,13.06,5.31,20,29.0,205.0,1.0,7.07,4.18
Cethan Carter,TE,46,12.0,9,75.0,82,9.11,0.2,1,0.0,0.0,0.0,0.0,0.0
Chad Beebe,WR,20,36.0,26,72.22,310,11.92,1.3,2,0.0,0.0,0.0,0.0,0.0
Chad Hall,WR,9,7.0,2,28.57,20,10.0,0.22,0,0.0,0.0,0.0,0.0,0.0
Chad Hansen,WR,20,41.0,26,63.41,330,12.69,1.3,1,0.0,0.0,0.0,0.0,0.0
Chad Williams,WR,16,53.0,20,37.74,202,10.1,1.25,1,3.0,42.0,0.0,14.0,2.62
Chandler Worthy,WR,3,4.0,3,75.0,14,4.67,1.0,0,0.0,0.0,0.0,0.0,0.0
Charles Clay,TE,99,484.0,323,66.74,3423,10.6,3.26,19,7.0,15.0,1.0,2.14,0.94
Charles Johnson,WR,39,109.0,60,55.05,834,13.9,1.54,2,1.0,-11.0,0.0,-11.0,-0.92
Charlie Kolar,TE,2,6.0,4,66.67,49,12.25,2.0,0,0.0,0.0,0.0,0.0,0.0
Charlie Woerner,TE,31,10.0,8,80.0,88,11.0,0.26,0,0.0,0.0,0.0,0.0,0.0
Charone Peake,WR,31,39.0,22,56.41,214,9.73,0.71,0,0.0,0.0,0.0,0.0,0.0
Chase Claypool,WR,46,293.0,167,57.0,2184,13.08,3.63,12,33.0,171.0,2.0,5.18,3.72
Chase Coffman,TE,26,27.0,14,51.85,135,9.64,0.54,2,0.0,0.0,0.0,0.0,0.0
Chase Ford,TE,20,51.0,34,66.67,391,11.5,1.7,1,0.0,0.0,0.0,0.0,0.0
Chester Rogers,WR,69,214.0,141,65.89,1522,10.79,2.04,6,6.0,31.0,0.0,5.17,0.56
Chigoziem Okonkwo,TE,17,46.0,32,69.57,450,14.06,1.88,3,3.0,2.0,0.0,0.67,0.12
Chosen Anderson,WR,111,672.0,375,55.8,4956,13.22,3.38,29,16.0,98.0,0.0,6.12,1.03
Chris Conley,WR,109,365.0,217,59.45,2853,13.15,1.99,15,1.0,3.0,0.0,3.0,0.19
Chris Givens,WR,45,157.0,65,41.4,1081,16.63,1.44,2,8.0,30.0,0.0,3.75,0.67
Chris Godwin,WR,87,624.0,446,71.47,5666,12.7,5.13,32,8.0,34.0,1.0,4.25,0.79
Chris Gragg,TE,32,37.0,24,64.86,251,10.46,0.75,2,0.0,0.0,0.0,0.0,0.0
Chris Harper,WR,14,24.0,14,58.33,139,9.93,1.0,0,0.0,0.0,0.0,0.0,0.0
Chris Herndon,TE,33,103.0,71,68.93,796,11.21,2.15,7,0.0,0.0,0.0,0.0,0.0
Chris Hogan,WR,105,358.0,220,61.45,2836,12.89,2.1,19,7.0,30.0,0.0,4.29,0.75
Chris Lacy,WR,7,10.0,3,30.0,60,20.0,0.43,0,0.0,0.0,0.0,0.0,0.0
Chris Manhertz,TE,104,36.0,24,66.67,255,10.62,0.23,2,0.0,0.0,0.0,0.0,0.0
Chris Matthews,WR,19,31.0,16,51.61,176,11.0,0.84,1,0.0,0.0,0.0,0.0,0.0
Chris Moore,WR,86,180.0,116,64.44,1286,11.09,1.35,8,14.0,30.0,0.0,2.14,0.41
Chris Myarick,TE,8,6.0,3,50.0,17,5.67,0.38,1,0.0,0.0,0.0,0.0,0.0
Chris Olave,WR,15,119.0,72,60.5,1042,14.47,4.8,4,0.0,0.0,0.0,0.0,0.0
Chris Owusu,WR,20,39.0,25,64.1,272,10.88,1.25,1,1.0,23.0,1.0,23.0,2.88
Chris Thompson,WR,13,6.0,5,83.33,84,16.8,0.38,0,0.0,0.0,0.0,0.0,0.0
Christian Blake,WR,41,51.0,28,54.9,257,9.18,0.68,0,0.0,0.0,0.0,0.0,0.0
Christian Kirk,WR,73,491.0,320,65.17,4010,12.53,4.38,25,21.0,153.0,0.0,7.29,2.1
Christian Watson,WR,14,66.0,41,62.12,611,14.9,2.93,7,7.0,80.0,2.0,11.43,5.71
Clay Harbor,TE,59,93.0,67,72.04,749,11.18,1.14,4,0.0,0.0,0.0,0.0,0.0
Clive Walford,TE,51,123.0,74,60.16,825,11.15,1.45,6,0.0,0.0,0.0,0.0,0.0
Clyde Gates,WR,6,24.0,12,50.0,122,10.17,2.0,0,0.0,0.0,0.0,0.0,0.0
Cobi Hamilton,WR,14,34.0,18,52.94,242,13.44,1.29,2,0.0,0.0,0.0,0.0,0.0
Coby Fleener,TE,75,374.0,229,61.23,2799,12.22,3.05,20,1.0,2.0,1.0,2.0,0.12
Cody Core,WR,51,64.0,33,51.56,388,11.76,0.65,1,0.0,0.0,0.0,0.0,0.0
Cody Hollister,WR,21,15.0,10,66.67,112,11.2,0.48,0,0.0,0.0,0.0,0.0,0.0
Cody Latimer,WR,66,119.0,70,58.82,935,13.36,1.06,6,2.0,1.0,0.0,0.5,0.07
Cody White,WR,16,7.0,6,85.71,35,5.83,0.38,0,0.0,0.0,0.0,0.0,0.0
Colby Parkinson,TE,37,44.0,32,72.73,371,11.59,0.86,2,0.0,0.0,0.0,0.0,0.0
Cole Beasley,WR,139,751.0,535,71.24,5581,10.43,3.85,34,1.0,7.0,0.0,7.0,0.44
Cole Hikutini,TE,4,3.0,2,66.67,15,7.5,0.5,0,0.0,0.0,0.0,0.0,0.0
Cole Kmet,TE,50,206.0,138,66.99,1399,10.14,2.76,9,4.0,6.0,0.0,1.5,0.12
Cole Turner,TE,10,9.0,2,22.22,23,11.5,0.2,0,0.0,0.0,0.0,0.0,0.0
Cole Wick,TE,6,3.0,2,66.67,18,9.0,0.33,0,0.0,0.0,0.0,0.0,0.0
Collin Johnson,WR,26,52.0,29,55.77,377,13.0,1.12,2,0.0,0.0,0.0,0.0,0.0
Connor Heyward,TE,17,17.0,12,70.59,151,12.58,0.71,1,2.0,27.0,0.0,13.5,1.59
Cooper Helfet,TE,24,46.0,25,54.35,315,12.6,1.04,2,0.0,0.0,0.0,0.0,0.0
Cooper Kupp,WR,80,696.0,508,72.99,6329,12.46,6.35,46,23.0,132.0,1.0,5.74,2.03
Cordarrelle Patterson,WR,127,328.0,216,65.85,2087,9.66,1.7,10,167.0,1017.0,8.0,6.09,8.01
Corey Brown,WR,43,143.0,79,55.24,1019,12.9,1.84,7,16.0,139.0,0.0,8.69,3.23
Corey Coleman,WR,27,139.0,61,43.88,789,12.93,2.26,5,3.0,15.0,0.0,5.0,0.83
Corey Davis,TE,15,69.0,43,62.32,601,13.98,2.87,2,0.0,0.0,0.0,0.0,0.0
Corey Davis,WR,63,392.0,230,58.67,3278,14.25,3.65,15,6.0,55.0,0.0,9.17,3.44
Corey Fuller,WR,28,40.0,18,45.0,288,16.0,0.64,1,0.0,0.0,0.0,0.0,0.0
Corey Washington,WR,14,8.0,5,62.5,52,10.4,0.36,1,0.0,0.0,0.0,0.0,0.0
Cory Harkey,TE,16,6.0,5,83.33,26,5.2,0.31,0,0.0,0.0,0.0,0.0,0.0
Courtland Sutton,WR,65,421.0,239,56.77,3487,14.59,3.68,14,5.0,21.0,0.0,4.2,0.45
Craig Stevens,TE,36,24.0,16,66.67,152,9.5,0.44,2,0.0,0.0,0.0,0.0,0.0
Crockett Gillmore,TE,32,76.0,51,67.11,604,11.84,1.59,6,0.0,0.0,0.0,0.0,0.0
Curtis Samuel,WR,75,394.0,255,64.72,2770,10.86,3.4,18,114.0,676.0,6.0,5.93,9.01
Cyril Grayson,WR,7,13.0,11,84.62,215,19.55,1.57,2,1.0,14.0,0.0,14.0,2.8
D'Wayne Eskridge,WR,20,33.0,17,51.52,122,7.18,0.85,1,6.0,69.0,0.0,11.5,3.45
D.J. Foster,WR,20,31.0,19,61.29,142,7.47,0.95,0,15.0,45.0,0.0,3.0,2.25
D.J. Montgomery,WR,3,6.0,3,50.0,36,12.0,1.0,0,0.0,0.0,0.0,0.0,0.0
D.J. Moore,WR,80,616.0,364,59.09,5201,14.29,4.55,21,39.0,335.0,0.0,8.59,4.19
D.K. Metcalf,WR,66,499.0,306,61.32,4218,13.78,4.64,35,3.0,17.0,0.0,5.67,0.52
DJ Chark,WR,54,317.0,177,55.84,2544,14.37,3.28,18,2.0,20.0,0.0,10.0,1.33
Da'Mari Scott,WR,5,3.0,2,66.67,22,11.0,0.4,0,1.0,5.0,0.0,5.0,1.0
Da'Rick Rogers,WR,5,23.0,14,60.87,192,13.71,2.8,2,1.0,0.0,0.0,0.0,0.0
DaeSean Hamilton,WR,46,141.0,81,57.45,833,10.28,1.76,5,0.0,0.0,0.0,0.0,0.0
Dallas Clark,TE,12,52.0,31,59.62,343,11.06,2.58,3,0.0,0.0,0.0,0.0,0.0
Dallas Goedert,TE,69,341.0,248,72.73,2997,12.08,3.59,19,0.0,0.0,0.0,0.0,0.0
Dalton Keene,TE,6,5.0,3,60.0,16,5.33,0.5,0,0.0,0.0,0.0,0.0,0.0
Dalton Schultz,TE,75,301.0,211,70.1,2122,10.06,2.81,17,0.0,0.0,0.0,0.0,0.0
Damaris Johnson,WR,29,52.0,33,63.46,345,10.45,1.14,1,6.0,25.0,0.0,4.17,1.47
Damian Williams,WR,13,24.0,16,66.67,192,12.0,1.23,0,0.0,0.0,0.0,0.0,0.0
Damiere Byrd,WR,75,204.0,130,63.73,1689,12.99,1.73,7,3.0,27.0,0.0,9.0,1.12
Damion Ratley,WR,31,54.0,29,53.7,407,14.03,0.94,1,0.0,0.0,0.0,0.0,0.0
Damion Willis,WR,10,16.0,9,56.25,82,9.11,0.9,0,0.0,0.0,0.0,0.0,0.0
Dan Arnold,TE,33,58.0,40,68.97,573,14.32,1.21,4,0.0,0.0,0.0,0.0,0.0
Dan Arnold,WR,26,85.0,55,64.71,685,12.45,2.12,3,0.0,0.0,0.0,0.0,0.0
Dane Sanzenbacher,WR,20,23.0,15,65.22,166,11.07,0.75,0,1.0,-1.0,0.0,-1.0,-0.1
Daniel Bellinger,TE,12,35.0,30,85.71,268,8.93,2.5,2,1.0,2.0,1.0,2.0,0.17
Daniel Brown,WR,72,66.0,46,69.7,449,9.76,0.64,2,0.0,0.0,0.0,0.0,0.0
Daniel Fells,TE,18,27.0,22,81.48,248,11.27,1.22,4,0.0,0.0,0.0,0.0,0.0
Danny Amendola,WR,121,610.0,421,69.02,4486,10.66,3.48,17,5.0,12.0,0.0,2.4,0.22
Danny Noble,TE,8,3.0,2,66.67,63,31.5,0.25,1,0.0,0.0,0.0,0.0,0.0
Dante Pettis,WR,50,132.0,71,53.79,984,13.86,1.42,12,3.0,35.0,0.0,11.67,1.21
Dante Rosario,TE,31,26.0,17,65.38,129,7.59,0.55,0,0.0,0.0,0.0,0.0,0.0
Dareke Young,WR,13,2.0,2,100.0,24,12.0,0.15,0,0.0,0.0,0.0,0.0,0.0
Darius Jennings,WR,28,41.0,27,65.85,235,8.7,0.96,0,1.0,2.0,0.0,2.0,0.12
Darius Johnson,WR,10,43.0,22,51.16,210,9.55,2.2,1,0.0,0.0,0.0,0.0,0.0
Darius Powe,WR,1,4.0,2,50.0,13,6.5,2.0,0,0.0,0.0,0.0,0.0,0.0
Darius Slayton,WR,59,309.0,170,55.02,2554,15.02,2.88,15,3.0,-14.0,0.0,-4.67,-0.48
Darnell Mooney,WR,45,299.0,182,60.87,2179,11.97,4.04,10,11.0,54.0,1.0,4.91,1.2
Darrell Daniels,TE,61,33.0,13,39.39,122,9.38,0.21,1,0.0,0.0,0.0,0.0,0.0
Darren Fells,TE,111,177.0,127,71.75,1526,12.02,1.14,21,0.0,0.0,0.0,0.0,0.0
Darren Waller,TE,52,398.0,280,70.35,3394,12.12,5.38,17,2.0,5.0,0.0,2.5,0.31
Darren Waller,WR,22,29.0,18,62.07,178,9.89,0.82,2,1.0,21.0,0.0,21.0,5.25
Darrius Heyward-Bey,WR,88,132.0,62,46.97,826,13.32,0.7,5,7.0,111.0,2.0,15.86,1.98
Darrius Shepherd,WR,14,10.0,6,60.0,47,7.83,0.43,0,0.0,0.0,0.0,0.0,0.0
Daurice Fountain,WR,5,3.0,2,66.67,23,11.5,0.4,0,0.0,0.0,0.0,0.0,0.0
Davante Adams,WR,133,1192.0,769,64.51,9637,12.53,5.78,87,3.0,-1.0,0.0,-0.33,-0.06
David Ausberry,WR,6,4.0,2,50.0,14,7.0,0.33,0,0.0,0.0,0.0,0.0,0.0
David Bell,WR,16,35.0,24,68.57,214,8.92,1.5,0,0.0,0.0,0.0,0.0,0.0
David Grinnage,TE,4,8.0,6,75.0,61,10.17,1.5,0,0.0,0.0,0.0,0.0,0.0
David Johnson,TE,51,19.0,13,68.42,158,12.15,0.25,0,2.0,4.0,0.0,2.0,0.25
David Moore,WR,46,134.0,78,58.21,1163,14.91,1.7,13,12.0,91.0,0.0,7.58,1.98
David Morgan,TE,38,19.0,16,84.21,135,8.44,0.42,1,0.0,0.0,0.0,0.0,0.0
David Nelson,WR,18,76.0,44,57.89,488,11.09,2.44,2,0.0,0.0,0.0,0.0,0.0
David Njoku,TE,79,320.0,206,64.38,2382,11.56,2.61,19,4.0,-6.0,0.0,-1.5,-0.13
David Paulson,TE,16,10.0,6,60.0,102,17.0,0.38,0,0.0,0.0,0.0,0.0,0.0
David Sills,WR,13,23.0,13,56.52,123,9.46,1.0,0,0.0,0.0,0.0,0.0,0.0
Davone Bess,WR,14,86.0,42,48.84,362,8.62,3.0,2,0.0,0.0,0.0,0.0,0.0
Dawson Knox,TE,57,230.0,149,64.78,1780,11.95,2.61,20,1.0,9.0,0.0,9.0,0.6
Dax Milne,WR,28,21.0,15,71.43,120,8.0,0.54,1,1.0,1.0,0.0,1.0,0.08
Daylen Baldwin,WR,1,2.0,2,100.0,25,12.5,2.0,0,0.0,0.0,0.0,0.0,0.0
Dazz Newsome,WR,3,5.0,2,40.0,23,11.5,0.67,0,0.0,0.0,0.0,0.0,0.0
DeAndre Carter,WR,77,150.0,104,69.33,1220,11.73,1.35,6,13.0,81.0,0.0,6.23,1.69
DeAndre Hopkins,WR,145,1368.0,853,62.35,11298,13.25,5.88,71,4.0,12.0,0.0,3.0,0.26
DeAndrew White,WR,16,18.0,7,38.89,93,13.29,0.44,0,0.0,0.0,0.0,0.0,0.0
DeMichael Harris,WR,7,10.0,10,100.0,79,7.9,1.43,0,6.0,46.0,0.0,7.67,6.57
DeSean Jackson,WR,112,621.0,367,59.1,6478,17.65,3.28,35,18.0,92.0,1.0,5.11,1.18
DeVante Parker,WR,106,631.0,369,58.48,5266,14.27,3.48,27,0.0,0.0,0.0,0.0,0.0
DeVier Posey,WR,15,26.0,16,61.54,185,11.56,1.07,0,0.0,0.0,0.0,0.0,0.0
DeVonta Smith,WR,34,240.0,159,66.25,2112,13.28,4.68,12,0.0,0.0,0.0,0.0,0.0
Dede Westbrook,WR,55,269.0,170,63.2,1788,10.52,3.09,9,14.0,125.0,0.0,8.93,4.03
Deebo Samuel,WR,51,340.0,223,65.59,3230,14.48,4.37,12,123.0,782.0,14.0,6.36,15.33
Delanie Walker,TE,76,538.0,356,66.17,4156,11.67,4.68,26,5.0,45.0,1.0,9.0,0.98
Delanie Walker,WR,8,38.0,25,65.79,267,10.68,3.12,2,0.0,0.0,0.0,0.0,0.0
Demarcus Ayers,WR,2,13.0,6,46.15,53,8.83,3.0,1,2.0,-12.0,0.0,-6.0,-6.0
Demarcus Robinson,WR,98,302.0,193,63.91,2137,11.07,1.97,16,0.0,0.0,0.0,0.0,0.0
Demaryius Thomas,WR,106,934.0,576,61.67,7495,13.01,5.43,47,0.0,0.0,0.0,0.0,0.0
Demetric Felton,WR,16,21.0,18,85.71,181,10.06,1.12,2,7.0,24.0,0.0,3.43,1.5
Demetrius Harris,TE,99,123.0,65,52.85,686,10.55,0.66,8,0.0,0.0,0.0,0.0,0.0
Demetrius Harris,WR,16,31.0,17,54.84,123,7.24,1.06,1,0.0,0.0,0.0,0.0,0.0
Denard Robinson,WR,42,36.0,24,66.67,186,7.75,0.57,0,128.0,476.0,1.0,3.72,11.33
Denarius Moore,WR,23,113.0,58,51.33,810,13.97,2.52,5,1.0,1.0,0.0,1.0,0.1
Dennis Houston,WR,2,6.0,2,33.33,16,8.0,1.0,0,0.0,0.0,0.0,0.0,0.0
Dennis Pitta,TE,23,175.0,122,69.71,1023,8.39,5.3,3,0.0,0.0,0.0,0.0,0.0
Denzel Mims,WR,30,92.0,42,45.65,676,16.1,1.4,0,0.0,0.0,0.0,0.0,0.0
Deon Cain,WR,13,20.0,9,45.0,124,13.78,0.69,0,0.0,0.0,0.0,0.0,0.0
Deon Yelder,TE,23,15.0,10,66.67,86,8.6,0.43,0,0.0,0.0,0.0,0.0,0.0
Deontay Burnett,WR,8,23.0,15,65.22,210,14.0,1.88,0,0.0,0.0,0.0,0.0,0.0
Deonte Harty,WR,40,92.0,64,69.57,793,12.39,1.6,4,15.0,123.0,0.0,8.2,3.42
Deonte Thompson,WR,59,158.0,89,56.33,1142,12.83,1.51,4,2.0,-5.0,0.0,-2.5,-0.31
Derek Carrier,TE,98,83.0,59,71.08,529,8.97,0.6,3,2.0,29.0,0.0,14.5,1.07
Derek Hagan,WR,16,34.0,19,55.88,254,13.37,1.19,1,0.0,0.0,0.0,0.0,0.0
Derek Moye,WR,7,6.0,2,33.33,20,10.0,0.29,1,0.0,0.0,0.0,0.0,0.0
Derrick Willies,WR,5,5.0,3,60.0,61,20.33,0.6,0,0.0,0.0,0.0,0.0,0.0
Deven Thompkins,WR,5,10.0,5,50.0,32,6.4,1.0,0,2.0,26.0,0.0,13.0,5.2
Devin Asiasi,TE,21,11.0,4,36.36,44,11.0,0.19,1,0.0,0.0,0.0,0.0,0.0
Devin Duvernay,WR,46,122.0,90,73.77,880,9.78,1.96,5,23.0,204.0,1.0,8.87,4.43
Devin Funchess,WR,62,316.0,164,51.9,2265,13.81,2.65,21,0.0,0.0,0.0,0.0,0.0
Devin Smith,WR,18,40.0,15,37.5,248,16.53,0.83,2,0.0,0.0,0.0,0.0,0.0
Devin Street,WR,36,26.0,10,38.46,152,15.2,0.28,1,0.0,0.0,0.0,0.0,0.0
Dexter McCluster,WR,46,171.0,117,68.42,1004,8.58,2.54,4,106.0,385.0,1.0,3.63,8.37
Dez Bryant,WR,76,606.0,337,55.61,4635,13.75,4.43,48,2.0,-3.0,0.0,-1.5,-0.09
Dez Fitzpatrick,WR,4,8.0,5,62.5,49,9.8,1.25,1,0.0,0.0,0.0,0.0,0.0
Dezmon Patmon,WR,9,10.0,4,40.0,45,11.25,0.44,1,0.0,0.0,0.0,0.0,0.0
Dion Sims,TE,78,139.0,91,65.47,888,9.76,1.17,9,0.0,0.0,0.0,0.0,0.0
Diontae Johnson,WR,64,552.0,340,61.59,3646,10.72,5.31,20,19.0,134.0,0.0,7.05,2.09
Diontae Spencer,WR,27,14.0,9,64.29,57,6.33,0.33,0,6.0,25.0,0.0,4.17,0.93
Domenik Hixon,WR,15,9.0,7,77.78,55,7.86,0.47,1,0.0,0.0,0.0,0.0,0.0
Dominique Dafney,TE,15,6.0,4,66.67,60,15.0,0.27,1,0.0,0.0,0.0,0.0,0.0
Dominique Jones,TE,17,13.0,9,69.23,95,10.56,0.53,1,0.0,0.0,0.0,0.0,0.0
Donald Parham,TE,33,59.0,40,67.8,479,11.98,1.21,7,0.0,0.0,0.0,0.0,0.0
Donnie Avery,WR,22,97.0,55,56.7,772,14.04,2.5,2,2.0,6.0,0.0,3.0,0.38
Donovan Peoples-Jones,WR,43,174.0,109,62.64,1740,15.96,2.53,8,1.0,2.0,0.0,2.0,0.12
Donte Moncrief,WR,83,363.0,205,56.47,2576,12.57,2.47,21,6.0,20.0,0.0,3.33,0.65
Donteea Dye,WR,10,30.0,11,36.67,132,12.0,1.1,1,0.0,0.0,0.0,0.0,0.0
Dontrelle Inman,WR,75,309.0,188,60.84,2445,13.01,2.51,13,0.0,0.0,0.0,0.0,0.0
Dorial Green-Beckham,WR,31,141.0,68,48.23,941,13.84,2.19,6,0.0,0.0,0.0,0.0,0.0
Dorin Dickerson,TE,5,5.0,2,40.0,34,17.0,0.4,0,0.0,0.0,0.0,0.0,0.0
Doug Baldwin,WR,93,587.0,413,70.36,5409,13.1,4.44,42,8.0,8.0,0.0,1.0,0.12
Drake London,WR,17,117.0,72,61.54,866,12.03,4.24,4,0.0,0.0,0.0,0.0,0.0
Drew Davis,WR,16,19.0,12,63.16,216,18.0,0.75,2,0.0,0.0,0.0,0.0,0.0
Drew Sample,TE,44,76.0,58,76.32,458,7.9,1.32,1,0.0,0.0,0.0,0.0,0.0
Dri Archer,WR,12,10.0,7,70.0,23,3.29,0.58,0,10.0,40.0,0.0,4.0,3.33
Duke Williams,WR,4,19.0,12,63.16,166,13.83,3.0,1,0.0,0.0,0.0,0.0,0.0
Durham Smythe,TE,79,115.0,88,76.52,809,9.19,1.11,3,4.0,4.0,1.0,1.0,0.12
Dwayne Allen,TE,70,159.0,94,59.12,1043,11.1,1.34,17,1.0,1.0,0.0,1.0,0.08
Dwayne Bowe,WR,37,211.0,122,57.82,1480,12.13,3.3,5,0.0,0.0,0.0,0.0,0.0
Dwayne Harris,WR,78,91.0,60,65.93,652,10.87,0.77,7,9.0,37.0,0.0,4.11,0.63
Dyami Brown,WR,30,39.0,17,43.59,308,18.12,0.57,2,2.0,11.0,0.0,5.5,0.37
Earl Bennett,WR,15,43.0,32,74.42,243,7.59,2.13,4,0.0,0.0,0.0,0.0,0.0
Ed Dickson,TE,90,166.0,104,62.65,1223,11.76,1.16,9,1.0,9.0,0.0,9.0,0.9
Eddie Royal,WR,49,252.0,179,71.03,2016,11.26,3.65,18,7.0,34.0,0.0,4.86,0.85
Eli Rogers,WR,30,116.0,78,67.24,822,10.54,2.6,4,2.0,2.0,0.0,1.0,0.12
Elijah Moore,WR,27,142.0,80,56.34,984,12.3,2.96,6,10.0,59.0,1.0,5.9,2.19
Emanuel Byrd,TE,1,2.0,2,100.0,31,15.5,2.0,0,0.0,0.0,0.0,0.0,0.0
Emmanuel Sanders,WR,132,968.0,610,63.02,7955,13.04,4.62,46,20.0,198.0,1.0,9.9,1.92
Equanimeous St. Brown,WR,53,104.0,58,55.77,866,14.93,1.09,2,11.0,80.0,0.0,7.27,1.51
Eric Decker,WR,65,487.0,304,62.42,4034,13.27,4.68,31,0.0,0.0,0.0,0.0,0.0
Eric Ebron,TE,106,559.0,351,62.79,3837,10.93,3.31,33,5.0,-6.0,3.0,-1.2,-0.16
Eric Page,WR,16,9.0,4,44.44,68,17.0,0.25,0,2.0,14.0,0.0,7.0,0.88
Eric Saubert,TE,60,52.0,33,63.46,280,8.48,0.55,2,0.0,0.0,0.0,0.0,0.0
Eric Tomlinson,TE,54,39.0,26,66.67,273,10.5,0.48,3,0.0,0.0,0.0,0.0,0.0
Eric Weems,WR,64,16.0,13,81.25,126,9.69,0.2,2,2.0,4.0,0.0,2.0,0.12
Erik Swoope,TE,23,32.0,23,71.88,384,16.7,1.0,4,0.0,0.0,0.0,0.0,0.0
Ethan Wolf,TE,2,2.0,2,100.0,8,4.0,1.0,0,0.0,0.0,0.0,0.0,0.0
Evan Engram,TE,82,527.0,335,63.57,3594,10.73,4.09,20,16.0,93.0,1.0,5.81,1.13
Foster Moreau,TE,61,132.0,91,68.94,1107,12.16,1.49,12,0.0,0.0,0.0,0.0,0.0
Frank Darby,WR,15,5.0,2,40.0,29,14.5,0.13,0,0.0,0.0,0.0,0.0,0.0
Frankie Hammond,WR,16,11.0,4,36.36,45,11.25,0.25,0,0.0,0.0,0.0,0.0,0.0
Fred Brown,WR,13,3.0,2,66.67,21,10.5,0.15,0,0.0,0.0,0.0,0.0,0.0
Fred Davis,TE,10,18.0,7,38.89,70,10.0,0.7,1,0.0,0.0,0.0,0.0,0.0
Freddie Martino,WR,22,18.0,13,72.22,238,18.31,0.59,1,0.0,0.0,0.0,0.0,0.0
Freddie Swain,WR,33,61.0,38,62.3,502,13.21,1.15,6,5.0,32.0,0.0,6.4,1.88
Gabriel Davis,WR,47,218.0,118,54.13,1984,16.81,2.51,20,1.0,0.0,0.0,0.0,0.0
Garrett Celek,TE,73,125.0,78,62.4,1053,13.5,1.07,12,0.0,0.0,0.0,0.0,0.0
Garrett Graham,TE,32,136.0,71,52.21,772,10.87,2.22,7,0.0,0.0,0.0,0.0,0.0
Garrett Griffin,TE,16,5.0,5,100.0,43,8.6,0.31,0,0.0,0.0,0.0,0.0,0.0
Garrett Wilson,WR,17,147.0,83,56.46,1103,13.29,4.88,4,4.0,4.0,0.0,1.0,0.24
Gary Barnidge,TE,61,250.0,160,64.0,1938,12.11,2.62,13,0.0,0.0,0.0,0.0,0.0
Gavin Escobar,TE,62,48.0,30,62.5,333,11.1,0.48,8,0.0,0.0,0.0,0.0,0.0
Gehrig Dieter,WR,8,5.0,2,40.0,32,16.0,0.25,0,0.0,0.0,0.0,0.0,0.0
Geoff Swaim,TE,76,116.0,91,78.45,669,7.35,1.2,5,0.0,0.0,0.0,0.0,0.0
Geoff Swaim,WR,10,12.0,9,75.0,83,9.22,0.9,1,0.0,0.0,0.0,0.0,0.0
George Kittle,TE,82,549.0,395,71.95,5254,13.3,4.82,31,11.0,69.0,0.0,6.27,1.33
George Pickens,WR,17,84.0,52,61.9,801,15.4,3.06,4,3.0,24.0,1.0,8.0,1.41
Gerald Everett,TE,92,354.0,233,65.82,2422,10.39,2.53,16,9.0,51.0,1.0,5.67,0.55
Geremy Davis,WR,20,8.0,5,62.5,59,11.8,0.25,0,0.0,0.0,0.0,0.0,0.0
Geronimo Allison,WR,46,146.0,89,60.96,1045,11.74,1.93,6,1.0,7.0,0.0,7.0,0.44
Giovanni Ricci,TE,15,9.0,8,88.89,100,12.5,0.53,0,0.0,0.0,0.0,0.0,0.0
Golden Tate,WR,118,876.0,594,67.81,6981,11.75,5.03,36,34.0,178.0,0.0,5.24,1.68
Grant Calcaterra,TE,15,9.0,5,55.56,81,16.2,0.33,0,0.0,0.0,0.0,0.0,0.0
Greg Dortch,WR,21,67.0,55,82.09,482,8.76,2.62,2,8.0,68.0,0.0,8.5,3.24
Greg Dulcich,TE,10,55.0,33,60.0,411,12.45,3.3,2,0.0,0.0,0.0,0.0,0.0
Greg Jennings,WR,47,234.0,146,62.39,1754,12.01,3.11,11,0.0,0.0,0.0,0.0,0.0
Greg Little,WR,22,111.0,47,42.34,534,11.36,2.14,2,0.0,0.0,0.0,0.0,0.0
Greg Olsen,TE,105,682.0,434,63.64,5319,12.26,4.13,30,0.0,0.0,0.0,0.0,0.0
Greg Salas,WR,22,47.0,23,48.94,440,19.13,1.05,1,1.0,20.0,1.0,20.0,2.0
Greg Ward,WR,40,130.0,88,67.69,768,8.73,2.2,10,3.0,1.0,0.0,0.33,0.04
Griff Whalen,WR,43,79.0,51,64.56,532,10.43,1.19,3,0.0,0.0,0.0,0.0,0.0
Gunner Olszewski,WR,53,19.0,14,73.68,180,12.86,0.26,1,14.0,71.0,0.0,5.07,1.58
Hakeem Nicks,WR,37,183.0,101,55.19,1355,13.42,2.73,4,0.0,0.0,0.0,0.0,0.0
Hakeem Valles,TE,14,5.0,2,40.0,11,5.5,0.14,0,0.0,0.0,0.0,0.0,0.0
Hale Hentges,TE,11,14.0,8,57.14,103,12.88,0.73,1,0.0,0.0,0.0,0.0,0.0
Harrison Bryant,TE,48,108.0,76,70.37,710,9.34,1.58,7,1.0,8.0,0.0,8.0,0.47
Harry Douglas,WR,55,303.0,188,62.05,2252,11.98,3.42,6,1.0,-6.0,0.0,-6.0,-0.43
Hayden Hurst,TE,70,249.0,177,71.08,1718,9.71,2.53,14,1.0,0.0,0.0,0.0,0.0
Heath Miller,TE,45,251.0,184,73.31,1889,10.27,4.09,6,1.0,2.0,0.0,2.0,0.13
Henry Ruggs III,WR,20,79.0,50,63.29,921,18.42,2.5,4,12.0,65.0,0.0,5.42,3.25
Hunter Henry,TE,89,418.0,287,68.66,3434,11.97,3.22,32,0.0,0.0,0.0,0.0,0.0
Hunter Renfrow,WR,56,326.0,244,74.85,2629,10.77,4.36,17,3.0,3.0,0.0,1.0,0.18
Hunter Sharp,WR,3,9.0,5,55.56,54,10.8,1.67,1,0.0,0.0,0.0,0.0,0.0
Ian Thomas,TE,82,170.0,111,65.29,999,9.0,1.35,4,0.0,0.0,0.0,0.0,0.0
Ifeanyi Momah,WR,14,6.0,3,50.0,96,32.0,0.21,0,0.0,0.0,0.0,0.0,0.0
Ihmir Smith-Marsette,WR,8,6.0,5,83.33,116,23.2,0.62,2,0.0,0.0,0.0,0.0,0.0
Irv Smith Jr.,TE,37,126.0,91,72.22,858,9.43,2.46,9,0.0,0.0,0.0,0.0,0.0
Isaac Nauta,TE,13,5.0,3,60.0,16,5.33,0.23,0,0.0,0.0,0.0,0.0,0.0
Isaiah Ford,WR,31,96.0,63,65.62,681,10.81,2.03,2,1.0,11.0,0.0,11.0,1.38
Isaiah Hodgins,WR,10,48.0,37,77.08,392,10.59,3.7,4,0.0,0.0,0.0,0.0,0.0
Isaiah Likely,TE,16,60.0,36,60.0,373,10.36,2.25,3,0.0,0.0,0.0,0.0,0.0
Isaiah McKenzie,WR,80,207.0,141,68.12,1345,9.54,1.76,11,47.0,230.0,4.0,4.89,2.88
Isaiah Wright,WR,14,35.0,27,77.14,197,7.3,1.93,0,3.0,16.0,0.0,5.33,1.14
Isaiah Zuber,WR,4,2.0,2,100.0,29,14.5,0.5,0,2.0,21.0,0.0,10.5,5.25
Ishmael Hyman,WR,2,4.0,2,50.0,34,17.0,1.0,0,0.0,0.0,0.0,0.0,0.0
J'Mon Moore,WR,12,3.0,2,66.67,15,7.5,0.17,0,0.0,0.0,0.0,0.0,0.0
J.D. McKissic,WR,41,143.0,113,79.02,912,8.07,2.76,5,136.0,614.0,3.0,4.51,13.35
J.P. Holtz,TE,15,8.0,7,87.5,91,13.0,0.47,0,0.0,0.0,0.0,0.0,0.0
JJ Arcega-Whiteside,WR,40,35.0,16,45.71,290,18.12,0.4,1,0.0,0.0,0.0,0.0,0.0
JJ Nelson,WR,58,186.0,85,45.7,1475,17.35,1.47,11,12.0,120.0,1.0,10.0,2.14
Ja'Marcus Bradley,WR,8,15.0,9,60.0,124,13.78,1.12,0,0.0,0.0,0.0,0.0,0.0
Ja'Marr Chase,WR,29,262.0,168,64.12,2501,14.89,5.79,22,12.0,29.0,0.0,2.42,1.0
Jace Amaro,TE,17,57.0,41,71.93,404,9.85,2.41,2,0.0,0.0,0.0,0.0,0.0
Jace Sternberger,TE,12,15.0,12,80.0,114,9.5,1.0,1,0.0,0.0,0.0,0.0,0.0
Jack Doyle,TE,131,407.0,295,72.48,2729,9.25,2.25,24,0.0,0.0,0.0,0.0,0.0
Jack Stoll,TE,33,19.0,15,78.95,145,9.67,0.45,0,0.0,0.0,0.0,0.0,0.0
Jacob Hollister,TE,57,129.0,83,64.34,707,8.52,1.46,7,1.0,5.0,0.0,5.0,0.33
Jacob Tamme,TE,54,165.0,115,69.7,1160,10.09,2.13,7,0.0,0.0,0.0,0.0,0.0
Jacoby Ford,WR,14,24.0,13,54.17,99,7.62,0.93,0,5.0,15.0,0.0,3.0,1.07
Jacoby Jones,WR,28,86.0,46,53.49,586,12.74,1.64,2,5.0,16.0,0.0,3.2,0.57
Jaeden Graham,TE,32,15.0,12,80.0,174,14.5,0.38,1,0.0,0.0,0.0,0.0,0.0
Jaelen Strong,WR,20,52.0,31,59.62,330,10.65,1.55,4,0.0,0.0,0.0,0.0,0.0
Jaelon Darden,WR,9,12.0,6,50.0,43,7.17,0.67,0,1.0,11.0,0.0,11.0,1.22
Jahan Dotson,WR,12,61.0,35,57.38,523,14.94,2.92,7,2.0,-7.0,0.0,-3.5,-0.58
Jake Ballard,TE,8,9.0,7,77.78,75,10.71,0.88,2,0.0,0.0,0.0,0.0,0.0
Jake Butt,TE,8,17.0,10,58.82,90,9.0,1.25,0,0.0,0.0,0.0,0.0,0.0
Jake Ferguson,TE,16,22.0,19,86.36,174,9.16,1.19,2,0.0,0.0,0.0,0.0,0.0
Jake Kumerow,WR,46,46.0,27,58.7,436,16.15,0.59,3,0.0,0.0,0.0,0.0,0.0
Jake Stoneburner,TE,11,5.0,5,100.0,47,9.4,0.45,2,0.0,0.0,0.0,0.0,0.0
Jakeem Grant,WR,81,161.0,100,62.11,1140,11.4,1.23,7,17.0,76.0,1.0,4.47,0.94
Jakobi Meyers,WR,60,344.0,235,68.31,2758,11.74,3.92,8,5.0,7.0,0.0,1.4,0.16
Jaleel Scott,WR,4,4.0,2,50.0,22,11.0,0.5,0,0.0,0.0,0.0,0.0,0.0
Jalen Guyton,WR,38,109.0,61,55.96,1023,16.77,1.61,6,9.0,34.0,0.0,3.78,1.06
Jalen Nailor,WR,15,13.0,9,69.23,179,19.89,0.6,1,0.0,0.0,0.0,0.0,0.0
Jalen Reagor,WR,45,124.0,72,58.06,799,11.1,1.6,4,18.0,83.0,0.0,4.61,1.84
Jalen Tolbert,WR,8,3.0,2,66.67,12,6.0,0.25,0,0.0,0.0,0.0,0.0,0.0
Jalen Tolliver,WR,3,6.0,3,50.0,37,12.33,1.0,0,0.0,0.0,0.0,0.0,0.0
Jalen Virgil,WR,9,5.0,2,40.0,75,37.5,0.22,1,0.0,0.0,0.0,0.0,0.0
Jalin Marshall,WR,10,23.0,14,60.87,162,11.57,1.4,2,0.0,0.0,0.0,0.0,0.0
Jamal Agnew,WR,39,89.0,60,67.42,505,8.42,1.54,4,25.0,230.0,1.0,9.2,5.9
James Casey,TE,31,9.0,6,66.67,90,15.0,0.19,2,0.0,0.0,0.0,0.0,0.0
James Develin,TE,16,4.0,4,100.0,62,15.5,0.25,0,4.0,10.0,1.0,2.5,0.62
James Hanna,TE,62,44.0,29,65.91,288,9.93,0.47,1,0.0,0.0,0.0,0.0,0.0
James Jones,WR,46,304.0,182,59.87,2373,13.04,3.96,17,0.0,0.0,0.0,0.0,0.0
James Mitchell,TE,14,11.0,11,100.0,113,10.27,0.79,1,0.0,0.0,0.0,0.0,0.0
James O'Shaughnessy,TE,80,166.0,112,67.47,1108,9.89,1.4,3,0.0,0.0,0.0,0.0,0.0
James Proche,WR,43,40.0,25,62.5,278,11.12,0.58,0,0.0,0.0,0.0,0.0,0.0
James Washington,WR,60,218.0,114,52.29,1629,14.29,1.9,11,2.0,13.0,0.0,6.5,0.87
James Wright,WR,24,35.0,18,51.43,197,10.94,0.75,0,5.0,24.0,0.0,4.8,1.0
Jamison Crowder,WR,100,624.0,415,66.51,4667,11.25,4.15,28,17.0,82.0,0.0,4.82,0.98
Jared Abbrederis,WR,22,25.0,13,52.0,163,12.54,0.59,0,0.0,0.0,0.0,0.0,0.0
Jared Cook,TE,135,705.0,422,59.86,5520,13.08,3.13,37,1.0,0.0,0.0,0.0,0.0
Jarius Wright,WR,104,311.0,202,64.95,2472,12.24,1.94,9,9.0,132.0,0.0,14.67,2.06
Jaron Brown,WR,101,210.0,116,55.24,1563,13.47,1.15,16,0.0,0.0,0.0,0.0,0.0
Jarrett Boykin,WR,29,95.0,52,54.74,704,13.54,1.79,3,0.0,0.0,0.0,0.0,0.0
Jarvis Landry,WR,132,1084.0,713,65.77,7870,11.04,5.4,38,40.0,239.0,5.0,5.98,1.94
Jason Avant,WR,48,163.0,87,53.37,919,10.56,1.81,3,1.0,1.0,0.0,1.0,0.06
Jason Croom,TE,19,36.0,23,63.89,262,11.39,1.21,2,0.0,0.0,0.0,0.0,0.0
Jason Moore,WR,18,11.0,6,54.55,104,17.33,0.33,0,0.0,0.0,0.0,0.0,0.0
Jason Witten,TE,112,587.0,422,71.89,4098,9.71,3.77,30,0.0,0.0,0.0,0.0,0.0
Jauan Jennings,WR,32,94.0,59,62.77,698,11.83,1.84,6,0.0,0.0,0.0,0.0,0.0
Javon Wims,WR,33,56.0,28,50.0,266,9.5,0.85,2,1.0,2.0,0.0,2.0,0.15
Javontee Herndon,WR,8,33.0,24,72.73,195,8.12,3.0,0,1.0,13.0,0.0,13.0,1.62
Jawill Davis,WR,7,8.0,4,50.0,40,10.0,0.57,0,0.0,0.0,0.0,0.0,0.0
Jaydon Mickens,WR,31,24.0,15,62.5,145,9.67,0.48,2,0.0,0.0,0.0,0.0,0.0
Jaylen Waddle,WR,33,257.0,179,69.65,2371,13.25,5.42,14,5.0,29.0,1.0,5.8,0.88
Je'Ron Hamm,TE,5,4.0,2,50.0,13,6.5,0.4,0,0.0,0.0,0.0,0.0,0.0
Jeff Cumberland,TE,53,104.0,56,53.85,724,12.93,1.06,7,0.0,0.0,0.0,0.0,0.0
Jeff Heuerman,TE,51,106.0,63,59.43,678,10.76,1.24,5,0.0,0.0,0.0,0.0,0.0
Jeff Janis,WR,51,38.0,17,44.74,200,11.76,0.33,1,2.0,38.0,1.0,19.0,2.38
Jeff Maehl,WR,24,14.0,9,64.29,113,12.56,0.38,1,0.0,0.0,0.0,0.0,0.0
Jeff Smith,WR,36,67.0,34,50.75,426,12.53,0.94,0,1.0,-1.0,0.0,-1.0,-0.08
Jehu Chesson,WR,24,6.0,3,50.0,25,8.33,0.12,0,1.0,-4.0,0.0,-4.0,-0.33
Jelani Woods,TE,15,40.0,25,62.5,312,12.48,1.67,3,0.0,0.0,0.0,0.0,0.0
Jerell Adams,TE,29,32.0,24,75.0,214,8.92,0.83,1,0.0,0.0,0.0,0.0,0.0
Jeremy Butler,WR,12,46.0,33,71.74,374,11.33,2.75,0,0.0,0.0,0.0,0.0,0.0
Jeremy Ebert,WR,5,8.0,3,37.5,18,6.0,0.6,0,0.0,0.0,0.0,0.0,0.0
Jeremy Kerley,WR,69,319.0,185,57.99,1975,10.68,2.68,10,8.0,97.0,0.0,12.12,3.46
Jeremy Maclin,WR,55,415.0,256,61.69,3382,13.21,4.65,23,4.0,13.0,0.0,3.25,0.48
Jeremy Ross,WR,46,65.0,43,66.15,506,11.77,0.93,3,5.0,41.0,0.0,8.2,1.02
Jeremy Sprinkle,TE,76,58.0,37,63.79,332,8.97,0.49,3,0.0,0.0,0.0,0.0,0.0
Jermaine Gresham,TE,87,298.0,205,68.79,1948,9.5,2.36,14,0.0,0.0,0.0,0.0,0.0
Jermaine Kearse,WR,92,442.0,252,57.01,3259,12.93,2.74,17,2.0,15.0,0.0,7.5,1.0
Jermichael Finley,TE,6,34.0,25,73.53,300,12.0,4.17,3,0.0,0.0,0.0,0.0,0.0
Jerome Cunningham,TE,12,17.0,8,47.06,59,7.38,0.67,0,0.0,0.0,0.0,0.0,0.0
Jerome Simpson,WR,22,119.0,53,44.54,780,14.72,2.41,2,0.0,0.0,0.0,0.0,0.0
Jeron Mastrud,TE,16,13.0,6,46.15,88,14.67,0.38,0,0.0,0.0,0.0,0.0,0.0
Jerrel Jernigan,WR,17,54.0,35,64.81,369,10.54,2.06,2,3.0,55.0,1.0,18.33,3.24
Jerricho Cotchery,WR,45,208.0,133,63.94,1667,12.53,2.96,14,2.0,11.0,0.0,5.5,0.37
Jerry Jeudy,WR,41,269.0,157,58.36,2295,14.62,3.83,9,6.0,43.0,0.0,7.17,1.72
Jesper Horsted,TE,15,4.0,3,75.0,19,6.33,0.2,0,0.0,0.0,0.0,0.0,0.0
Jesper Horsted,WR,13,13.0,10,76.92,108,10.8,0.77,3,0.0,0.0,0.0,0.0,0.0
Jesse James,TE,102,230.0,157,68.26,1522,9.69,1.54,12,0.0,0.0,0.0,0.0,0.0
Jim Dray,TE,48,75.0,49,65.33,518,10.57,1.02,3,0.0,0.0,0.0,0.0,0.0
Jimmy Graham,TE,138,780.0,498,63.85,5858,11.76,3.61,60,1.0,0.0,0.0,0.0,0.0
Jody Fortson,TE,13,13.0,9,69.23,108,12.0,0.69,2,0.0,0.0,0.0,0.0,0.0
Jody Fortson,WR,6,5.0,5,100.0,47,9.4,0.83,2,0.0,0.0,0.0,0.0,0.0
Joe Morgan,WR,5,10.0,4,40.0,92,23.0,0.8,0,1.0,67.0,0.0,67.0,13.4
Joel Dreessen,TE,13,9.0,7,77.78,47,6.71,0.54,1,0.0,0.0,0.0,0.0,0.0
John Bates,TE,33,47.0,34,72.34,357,10.5,1.03,2,0.0,0.0,0.0,0.0,0.0
John Brown,WR,99,597.0,321,53.77,4790,14.92,3.24,32,13.0,47.0,0.0,3.62,0.54
John Carlson,TE,13,48.0,32,66.67,344,10.75,2.46,1,0.0,0.0,0.0,0.0,0.0
John Hightower,WR,13,29.0,10,34.48,167,16.7,0.77,0,1.0,1.0,0.0,1.0,0.08
John Phillips,TE,71,36.0,28,77.78,210,7.5,0.39,3,0.0,0.0,0.0,0.0,0.0
John Ross,WR,37,143.0,62,43.36,957,15.44,1.68,11,9.0,41.0,0.0,4.56,1.21
Johnny Holton,WR,47,36.0,14,38.89,273,19.5,0.3,3,7.0,52.0,0.0,7.43,1.68
Johnny Mundt,TE,62,34.0,29,85.29,233,8.03,0.47,1,0.0,0.0,0.0,0.0,0.0
Jojo Natson,WR,7,5.0,2,40.0,18,9.0,0.29,0,2.0,18.0,0.0,9.0,1.8
Jonathan Baldwin,WR,7,9.0,3,33.33,28,9.33,0.43,0,0.0,0.0,0.0,0.0,0.0
Jonathan Krause,WR,2,4.0,2,50.0,11,5.5,1.0,0,0.0,0.0,0.0,0.0,0.0
Jonnu Smith,TE,90,252.0,169,67.06,1841,10.89,1.88,17,16.0,127.0,1.0,7.94,2.08
Jordan Akins,TE,73,216.0,151,69.91,1755,11.62,2.07,8,2.0,7.0,0.0,3.5,0.27
Jordan Cameron,TE,44,247.0,147,59.51,1787,12.16,3.34,13,0.0,0.0,0.0,0.0,0.0
Jordan Franks,TE,6,3.0,2,66.67,37,18.5,0.33,0,0.0,0.0,0.0,0.0,0.0
Jordan Leggett,TE,15,24.0,14,58.33,114,8.14,0.93,1,0.0,0.0,0.0,0.0,0.0
Jordan Matthews,WR,73,422.0,274,64.93,3288,12.0,3.75,22,0.0,0.0,0.0,0.0,0.0
Jordan Norwood,WR,25,67.0,43,64.18,439,10.21,1.72,1,1.0,0.0,0.0,0.0,0.0
Jordan Reed,TE,75,492.0,355,72.15,3602,10.15,4.73,28,1.0,18.0,0.0,18.0,2.0
Jordan Taylor,WR,26,45.0,29,64.44,351,12.1,1.12,2,0.0,0.0,0.0,0.0,0.0
Jordan Thomas,TE,27,32.0,22,68.75,226,10.27,0.81,5,0.0,0.0,0.0,0.0,0.0
Jordy Nelson,WR,78,606.0,396,65.35,5311,13.41,5.08,44,1.0,-2.0,0.0,-2.0,-0.13
Jorvorskie Lane,TE,16,2.0,2,100.0,13,6.5,0.12,0,1.0,0.0,0.0,0.0,0.0
Joseph Fauria,TE,23,42.0,24,57.14,281,11.71,1.04,8,0.0,0.0,0.0,0.0,0.0
Josh Bellamy,WR,74,147.0,78,53.06,1019,13.06,1.05,5,5.0,43.0,0.0,8.6,1.39
Josh Boyce,WR,9,19.0,9,47.37,121,13.44,1.0,0,0.0,0.0,0.0,0.0,0.0
Josh Cooper,WR,5,14.0,9,64.29,60,6.67,1.8,0,0.0,0.0,0.0,0.0,0.0
Josh Cribbs,WR,12,3.0,3,100.0,14,4.67,0.25,0,13.0,55.0,0.0,4.23,9.17
Josh Doctson,WR,33,162.0,81,50.0,1100,13.58,2.45,8,1.0,-14.0,0.0,-14.0,-0.88
Josh Gordon,WR,61,381.0,202,53.02,3479,17.22,3.31,16,6.0,89.0,0.0,14.83,3.56
Josh Hill,TE,117,173.0,116,67.05,1071,9.23,0.99,15,2.0,-16.0,0.0,-8.0,-0.53
Josh Huff,WR,37,83.0,51,61.45,523,10.25,1.38,4,5.0,22.0,0.0,4.4,1.0
Josh Malone,WR,24,28.0,11,39.29,91,8.27,0.46,1,3.0,14.0,0.0,4.67,0.93
Josh Morgan,WR,28,53.0,30,56.6,284,9.47,1.07,1,4.0,43.0,0.0,10.75,1.54
Josh Oliver,TE,35,46.0,26,56.52,230,8.85,0.74,2,0.0,0.0,0.0,0.0,0.0
Josh Palmer,WR,33,156.0,105,67.31,1122,10.69,3.18,7,2.0,10.0,0.0,5.0,0.3
Josh Reynolds,WR,90,309.0,180,58.25,2325,12.92,2.0,14,8.0,36.0,0.0,4.5,0.75
Joshua Perkins,TE,22,29.0,17,58.62,196,11.53,0.77,2,0.0,0.0,0.0,0.0,0.0
Josiah Deguara,TE,35,50.0,39,78.0,371,9.51,1.11,2,0.0,0.0,0.0,0.0,0.0
JuJu Smith-Schuster,WR,79,572.0,401,70.1,4788,11.94,5.08,29,4.0,22.0,1.0,5.5,1.05
Julian Edelman,WR,89,832.0,551,66.23,6108,11.09,6.19,32,46.0,341.0,0.0,7.41,3.83
Julio Jones,WR,126,1188.0,770,64.81,11472,14.9,6.11,45,12.0,77.0,0.0,6.42,1.0
Julius Thomas,TE,62,345.0,225,65.22,2401,10.67,3.63,36,0.0,0.0,0.0,0.0,0.0
Junior Hemingway,WR,30,42.0,25,59.52,233,9.32,0.83,2,0.0,0.0,0.0,0.0,0.0
Juron Criner,WR,1,8.0,3,37.5,32,10.67,3.0,0,0.0,0.0,0.0,0.0,0.0
Justin Blackmon,WR,4,48.0,29,60.42,415,14.31,7.25,1,1.0,-1.0,0.0,-1.0,-0.25
Justin Brown,WR,8,21.0,12,57.14,94,7.83,1.5,0,0.0,0.0,0.0,0.0,0.0
Justin Hardy,WR,73,144.0,95,65.97,946,9.96,1.3,9,0.0,0.0,0.0,0.0,0.0
Justin Hunter,WR,60,186.0,85,45.7,1349,15.87,1.42,13,0.0,0.0,0.0,0.0,0.0
Justin Jefferson,WR,50,476.0,324,68.07,4825,14.89,6.48,25,11.0,40.0,1.0,3.64,0.8
Justin Perillo,TE,18,18.0,15,83.33,137,9.13,0.83,1,0.0,0.0,0.0,0.0,0.0
Justin Watson,WR,56,74.0,38,51.35,573,15.08,0.68,4,0.0,0.0,0.0,0.0,0.0
Juwan Johnson,TE,16,65.0,42,64.62,508,12.1,2.62,7,0.0,0.0,0.0,0.0,0.0
Juwan Johnson,WR,21,32.0,17,53.12,198,11.65,0.81,4,0.0,0.0,0.0,0.0,0.0
Juwann Winfree,WR,10,17.0,9,52.94,75,8.33,0.9,0,0.0,0.0,0.0,0.0,0.0
K.J. Osborn,WR,34,172.0,110,63.95,1305,11.86,3.24,12,4.0,16.0,0.0,4.0,0.47
KJ Hamler,WR,23,80.0,42,52.5,620,14.76,1.83,3,11.0,63.0,0.0,5.73,3.15
Kadarius Toney,WR,19,77.0,55,71.43,591,10.75,2.89,2,10.0,88.0,1.0,8.8,4.63
Kaden Smith,TE,33,66.0,52,78.79,413,7.94,1.58,3,0.0,0.0,0.0,0.0,0.0
Kaelin Clay,WR,13,19.0,6,31.58,85,14.17,0.46,0,3.0,27.0,0.0,9.0,2.08
Kahale Warring,TE,7,7.0,3,42.86,35,11.67,0.43,0,0.0,0.0,0.0,0.0,0.0
Kalif Raymond,WR,68,165.0,114,69.09,1561,13.69,1.68,5,14.0,55.0,0.0,3.93,0.86
Kamar Aiken,WR,68,260.0,149,57.31,1725,11.58,2.19,9,0.0,0.0,0.0,0.0,0.0
Kasen Williams,WR,10,20.0,10,50.0,92,9.2,1.0,0,1.0,5.0,0.0,5.0,2.5
KeeSean Johnson,WR,18,65.0,36,55.38,360,10.0,2.0,1,1.0,3.0,0.0,3.0,0.3
Keelan Cole,WR,93,348.0,197,56.61,2832,14.38,2.12,14,2.0,8.0,0.0,4.0,0.25
Keelan Doss,WR,8,14.0,11,78.57,133,12.09,1.38,0,0.0,0.0,0.0,0.0,0.0
Keenan Allen,WR,126,1159.0,796,68.68,9287,11.67,6.32,52,16.0,107.0,0.0,6.69,1.49
Keith Kirkwood,WR,17,34.0,19,55.88,257,13.53,1.12,2,0.0,0.0,0.0,0.0,0.0
Keith Mumphery,WR,27,44.0,24,54.55,198,8.25,0.89,0,0.0,0.0,0.0,0.0,0.0
Keke Coutee,WR,33,119.0,85,71.43,966,11.36,2.58,4,5.0,14.0,1.0,2.8,0.93
Kellen Davis,TE,45,19.0,6,31.58,50,8.33,0.13,2,0.0,0.0,0.0,0.0,0.0
Kellen Winslow,TE,12,47.0,31,65.96,388,12.52,2.58,2,0.0,0.0,0.0,0.0,0.0
Kelvin Benjamin,WR,61,408.0,209,51.23,3021,14.45,3.43,20,0.0,0.0,0.0,0.0,0.0
Kelvin Harmon,WR,16,44.0,30,68.18,365,12.17,1.88,0,0.0,0.0,0.0,0.0,0.0
Kenbrell Thompkins,WR,33,150.0,70,46.67,893,12.76,2.12,4,2.0,5.0,0.0,2.5,0.36
Kendall Blanton,TE,15,9.0,6,66.67,72,12.0,0.4,0,0.0,0.0,0.0,0.0,0.0
Kendall Hinton,WR,28,56.0,39,69.64,486,12.46,1.39,1,4.0,20.0,0.0,5.0,1.54
Kendall Wright,WR,67,425.0,275,64.71,3232,11.75,4.1,15,10.0,86.0,0.0,8.6,2.46
Kendrick Bourne,WR,91,336.0,227,67.56,3003,13.23,2.49,17,18.0,164.0,0.0,9.11,4.97
Kenny Britt,WR,71,345.0,183,53.04,2783,15.21,2.58,13,2.0,14.0,0.0,7.0,0.88
Kenny Golladay,WR,73,408.0,226,55.39,3670,16.24,3.1,22,2.0,17.0,0.0,8.5,0.65
Kenny Stills,WR,130,543.0,316,58.2,4911,15.54,2.43,38,5.0,9.0,0.0,1.8,0.2
Kenny Yeboah,TE,9,3.0,2,66.67,36,18.0,0.22,0,0.0,0.0,0.0,0.0,0.0
Kerry Taylor,WR,10,34.0,22,64.71,229,10.41,2.2,1,0.0,0.0,0.0,0.0,0.0
Keshawn Martin,WR,41,89.0,52,58.43,600,11.54,1.27,4,1.0,6.0,0.0,6.0,0.67
Kevin Brock,TE,22,12.0,8,66.67,57,7.12,0.36,0,0.0,0.0,0.0,0.0,0.0
Kevin Norwood,WR,10,11.0,9,81.82,102,11.33,0.9,0,0.0,0.0,0.0,0.0,0.0
Kevin Ogletree,WR,23,54.0,26,48.15,319,12.27,1.13,2,0.0,0.0,0.0,0.0,0.0
Kevin Rader,TE,6,3.0,2,66.67,8,4.0,0.33,0,0.0,0.0,0.0,0.0,0.0
Kevin Smith,WR,7,5.0,3,60.0,43,14.33,0.43,0,0.0,0.0,0.0,0.0,0.0
Kevin White,WR,21,53.0,27,50.94,359,13.3,1.29,0,1.0,9.0,0.0,9.0,2.25
KhaDarel Hodge,WR,72,77.0,43,55.84,632,14.7,0.6,1,0.0,0.0,0.0,0.0,0.0
Khalil Shakir,WR,14,20.0,10,50.0,161,16.1,0.71,1,0.0,0.0,0.0,0.0,0.0
Khari Lee,TE,26,5.0,2,40.0,12,6.0,0.08,0,0.0,0.0,0.0,0.0,0.0
Ko Kieft,TE,17,10.0,7,70.0,80,11.43,0.41,1,0.0,0.0,0.0,0.0,0.0
Kris Durham,WR,20,96.0,44,45.83,544,12.36,2.2,2,0.0,0.0,0.0,0.0,0.0
Kristian Wilkerson,WR,3,8.0,4,50.0,42,10.5,1.33,2,0.0,0.0,0.0,0.0,0.0
Kyle Philips,WR,4,13.0,8,61.54,78,9.75,2.0,0,0.0,0.0,0.0,0.0,0.0
Kyle Pitts,TE,27,169.0,96,56.8,1382,14.4,3.56,3,0.0,0.0,0.0,0.0,0.0
Kyle Rudolph,TE,134,577.0,403,69.84,4031,10.0,3.01,38,0.0,0.0,0.0,0.0,0.0
Kyle Williams,WR,10,27.0,12,44.44,113,9.42,1.2,0,2.0,23.0,0.0,11.5,2.3
Kylen Granson,TE,30,55.0,42,76.36,408,9.71,1.4,0,1.0,0.0,0.0,0.0,0.0
LaVon Brazill,WR,10,27.0,12,44.44,161,13.42,1.2,2,0.0,0.0,0.0,0.0,0.0
Ladarius Green,TE,33,122.0,74,60.66,959,12.96,2.24,5,0.0,0.0,0.0,0.0,0.0
Ladarius Green,WR,16,30.0,17,56.67,376,22.12,1.06,3,0.0,0.0,0.0,0.0,0.0
Lamaar Thomas,WR,2,3.0,2,66.67,31,15.5,1.0,0,0.0,0.0,0.0,0.0,0.0
Lance Kendricks,TE,91,228.0,142,62.28,1426,10.04,1.56,11,0.0,0.0,0.0,0.0,0.0
Lance Kendricks,WR,15,46.0,32,69.57,258,8.06,2.13,4,0.0,0.0,0.0,0.0,0.0
Lance Moore,WR,41,123.0,80,65.04,992,12.4,1.95,8,0.0,0.0,0.0,0.0,0.0
Laquon Treadwell,WR,76,175.0,110,62.86,1226,11.15,1.45,5,0.0,0.0,0.0,0.0,0.0
Larry Donnell,TE,54,161.0,110,68.32,969,8.81,2.04,9,0.0,0.0,0.0,0.0,0.0
Larry Fitzgerald,WR,123,987.0,668,67.68,7079,10.6,5.43,44,4.0,13.0,0.0,3.25,0.41
Laviska Shenault Jr.,WR,43,211.0,148,70.14,1491,10.07,3.44,6,38.0,197.0,1.0,5.18,4.58
Lawrence Cager,TE,7,19.0,13,68.42,118,9.08,1.86,1,0.0,0.0,0.0,0.0,0.0
Lawrence Cager,WR,2,6.0,2,33.33,35,17.5,1.0,0,0.0,0.0,0.0,0.0,0.0
Lee Smith,TE,107,75.0,61,81.33,468,7.67,0.57,8,0.0,0.0,0.0,0.0,0.0
Lee Smith,WR,16,5.0,4,80.0,31,7.75,0.25,1,0.0,0.0,0.0,0.0,0.0
Leonard Hankerson,WR,21,97.0,56,57.73,702,12.54,2.67,6,0.0,0.0,0.0,0.0,0.0
Leonte Carroo,WR,37,22.0,12,54.55,192,16.0,0.32,2,1.0,14.0,0.0,14.0,1.56
Lestar Jean,WR,13,8.0,4,50.0,35,8.75,0.31,0,0.0,0.0,0.0,0.0,0.0
Levine Toilolo,TE,124,146.0,102,69.86,1042,10.22,0.82,8,0.0,0.0,0.0,0.0,0.0
Lil'Jordan Humphrey,WR,19,27.0,18,66.67,315,17.5,0.95,3,0.0,0.0,0.0,0.0,0.0
Logan Paulsen,TE,77,87.0,53,60.92,451,8.51,0.69,5,0.0,0.0,0.0,0.0,0.0
Logan Thomas,TE,76,250.0,164,65.6,1506,9.18,2.16,12,3.0,5.0,0.0,1.67,0.31
Louis Murphy,WR,38,104.0,55,52.88,736,13.38,1.45,4,0.0,0.0,0.0,0.0,0.0
Lucky Whitehead,WR,30,11.0,9,81.82,64,7.11,0.3,0,20.0,189.0,0.0,9.45,6.3
Luke Farrell,TE,32,15.0,11,73.33,96,8.73,0.34,0,0.0,0.0,0.0,0.0,0.0
Luke Stocker,TE,97,74.0,50,67.57,407,8.14,0.52,4,1.0,0.0,0.0,0.0,0.0
Luke Willson,TE,102,169.0,111,65.68,1307,11.77,1.09,11,0.0,0.0,0.0,0.0,0.0
Lynn Bowden Jr.,WR,10,37.0,28,75.68,211,7.54,2.8,0,9.0,32.0,0.0,3.56,3.2
Mack Hollins,WR,82,192.0,113,58.85,1440,12.74,1.38,10,4.0,40.0,0.0,10.0,2.35
Malcolm Johnson,TE,7,7.0,5,71.43,44,8.8,0.71,0,1.0,2.0,0.0,2.0,0.29
Malcolm Mitchell,WR,14,48.0,32,66.67,401,12.53,2.29,4,0.0,0.0,0.0,0.0,0.0
Malcolm Perry,WR,9,13.0,9,69.23,92,10.22,1.0,1,3.0,5.0,0.0,1.67,0.56
Malcom Floyd,WR,33,171.0,88,51.46,1566,17.8,2.67,9,0.0,0.0,0.0,0.0,0.0
Malik Taylor,WR,25,9.0,7,77.78,80,11.43,0.28,1,1.0,9.0,0.0,9.0,0.6
Malik Turner,WR,35,41.0,29,70.73,414,14.28,0.83,4,0.0,0.0,0.0,0.0,0.0
MarQueis Gray,TE,61,41.0,27,65.85,328,12.15,0.44,0,11.0,57.0,0.0,5.18,2.04
Marc Mariani,WR,16,33.0,22,66.67,300,13.64,1.38,0,1.0,15.0,0.0,15.0,0.94
Marcedes Lewis,TE,142,268.0,160,59.7,1860,11.62,1.13,18,0.0,0.0,0.0,0.0,0.0
Marcel Reece,WR,4,5.0,5,100.0,73,14.6,1.25,0,2.0,0.0,0.0,0.0,0.0
Marcell Ateman,WR,18,41.0,20,48.78,270,13.5,1.11,1,0.0,0.0,0.0,0.0,0.0
Marcus Easley,WR,29,8.0,3,37.5,71,23.67,0.1,1,0.0,0.0,0.0,0.0,0.0
Marcus Johnson,WR,55,118.0,60,50.85,938,15.63,1.09,3,3.0,-4.0,0.0,-1.33,-0.33
Marcus Kemp,WR,43,8.0,4,50.0,42,10.5,0.09,0,0.0,0.0,0.0,0.0,0.0
Mario Manningham,WR,6,23.0,9,39.13,85,9.44,1.5,0,0.0,0.0,0.0,0.0,0.0
Mark Andrews,TE,77,502.0,336,66.93,4313,12.84,4.36,34,4.0,8.0,0.0,2.0,0.25
Markus Wheaton,WR,58,204.0,110,53.92,1559,14.17,1.9,8,4.0,19.0,0.0,4.75,1.19
Marlon Brown,WR,38,143.0,87,60.84,891,10.24,2.29,7,1.0,-2.0,0.0,-2.0,-0.14
Marlon Moore,WR,28,25.0,14,56.0,143,10.21,0.5,1,1.0,9.0,0.0,9.0,0.64
Marqise Lee,WR,59,306.0,174,56.86,2184,12.55,2.95,8,16.0,100.0,0.0,6.25,1.69
Marques Colston,WR,44,278.0,179,64.39,2365,13.21,4.07,14,0.0,0.0,0.0,0.0,0.0
Marquess Wilson,WR,31,102.0,56,54.9,777,13.88,1.81,3,0.0,0.0,0.0,0.0,0.0
Marquez Callaway,WR,42,143.0,83,58.04,1069,12.88,1.98,7,0.0,0.0,0.0,0.0,0.0
Marquez Valdes-Scantling,WR,76,328.0,165,50.3,2840,17.21,2.17,15,9.0,48.0,0.0,5.33,0.74
Marquise Brown,WR,58,424.0,262,61.79,3070,11.72,4.52,24,3.0,7.0,0.0,2.33,0.16
Marquise Goodwin,WR,102,362.0,187,51.66,3023,16.17,1.83,18,19.0,93.0,0.0,4.89,1.09
Martavis Bryant,WR,44,251.0,145,57.77,2183,15.06,3.3,17,17.0,94.0,1.0,5.53,2.14
Martellus Bennett,TE,68,419.0,293,69.93,3101,10.58,4.31,21,2.0,10.0,0.0,5.0,0.62
Marvin Hall,WR,47,72.0,38,52.78,782,20.58,0.81,5,4.0,8.0,0.0,2.0,0.22
Marvin Jones,WR,134,862.0,524,60.79,7185,13.71,3.91,57,16.0,101.0,0.0,6.31,1.68
Mason Schreck,TE,3,2.0,2,100.0,6,3.0,0.67,0,0.0,0.0,0.0,0.0,0.0
Matt LaCosse,TE,33,60.0,40,66.67,403,10.07,1.21,2,0.0,0.0,0.0,0.0,0.0
Matt Lengel,TE,17,11.0,5,45.45,39,7.8,0.29,2,0.0,0.0,0.0,0.0,0.0
Matt Spaeth,TE,32,9.0,6,66.67,67,11.17,0.19,2,0.0,0.0,0.0,0.0,0.0
Matthew Mulligan,TE,35,5.0,4,80.0,26,6.5,0.11,1,0.0,0.0,0.0,0.0,0.0
Maurice Harris,WR,28,65.0,40,61.54,432,10.8,1.43,1,2.0,10.0,0.0,5.0,0.83
Maxx Williams,TE,79,132.0,105,79.55,1012,9.64,1.33,6,5.0,14.0,0.0,2.8,0.58
Mecole Hardman,WR,57,220.0,151,68.64,2088,13.83,2.65,16,20.0,125.0,2.0,6.25,2.19
Michael Bandy,WR,10,21.0,10,47.62,89,8.9,1.0,0,0.0,0.0,0.0,0.0,0.0
Michael Burton,TE,16,6.0,6,100.0,39,6.5,0.38,1,4.0,2.0,0.0,0.5,0.12
Michael Campanaro,WR,24,43.0,31,72.09,310,10.0,1.29,2,10.0,131.0,1.0,13.1,6.55
Michael Clark,WR,2,14.0,4,28.57,41,10.25,2.0,0,0.0,0.0,0.0,0.0,0.0
Michael Crabtree,WR,85,638.0,377,59.09,4154,11.02,4.44,33,1.0,4.0,0.0,4.0,0.25
Michael Egnew,TE,16,11.0,7,63.64,69,9.86,0.44,0,0.0,0.0,0.0,0.0,0.0
Michael Floyd,WR,86,418.0,221,52.87,3397,15.37,2.57,23,1.0,2.0,0.0,2.0,0.12
Michael Gallup,WR,69,422.0,232,54.98,3326,14.34,3.36,19,0.0,0.0,0.0,0.0,0.0
Michael Hoomanawanui,TE,57,51.0,32,62.75,308,9.62,0.56,5,1.0,0.0,0.0,0.0,0.0
Michael Palmer,TE,31,3.0,2,66.67,9,4.5,0.06,1,0.0,0.0,0.0,0.0,0.0
Michael Pittman Jr.,WR,46,331.0,227,68.58,2510,11.06,4.93,11,11.0,100.0,0.0,9.09,2.17
Michael Preston,WR,7,7.0,5,71.43,37,7.4,0.71,2,0.0,0.0,0.0,0.0,0.0
Michael Roberts,TE,23,27.0,13,48.15,146,11.23,0.57,3,0.0,0.0,0.0,0.0,0.0
Michael Robinson,WR,9,3.0,2,66.67,27,13.5,0.22,0,1.0,0.0,0.0,0.0,0.0
Michael Thomas,WR,73,679.0,526,77.47,6121,11.64,7.21,35,2.0,-8.0,0.0,-4.0,-0.35
Michael Walker,WR,7,3.0,2,66.67,15,7.5,0.29,0,0.0,0.0,0.0,0.0,0.0
Michael Williams,TE,15,6.0,3,50.0,26,8.67,0.2,0,0.0,0.0,0.0,0.0,0.0
Michael Woods II,WR,10,10.0,5,50.0,45,9.0,0.5,0,1.0,-5.0,0.0,-5.0,-0.5
Mike Brown,WR,16,71.0,39,54.93,534,13.69,2.44,2,0.0,0.0,0.0,0.0,0.0
Mike Davis,WR,41,68.0,51,75.0,299,5.86,1.24,1,179.0,649.0,5.0,3.63,15.83
Mike Evans,WR,137,1185.0,683,57.64,10425,15.26,4.99,81,1.0,10.0,0.0,10.0,0.62
Mike Gesicki,TE,81,370.0,231,62.43,2617,11.33,2.85,18,0.0,0.0,0.0,0.0,0.0
Mike Strachan,WR,19,12.0,5,41.67,85,17.0,0.26,0,0.0,0.0,0.0,0.0,0.0
Mike Thomas,WR,75,63.0,30,47.62,366,12.2,0.4,1,1.0,1.0,0.0,1.0,0.07
Mike Wallace,WR,79,536.0,303,56.53,4030,13.3,3.84,25,14.0,90.0,0.0,6.43,1.14
Mike Williams,WR,100,545.0,320,58.72,4915,15.36,3.2,33,9.0,31.0,1.0,3.44,0.67
Miles Austin,WR,34,153.0,84,54.9,1036,12.33,2.47,3,0.0,0.0,0.0,0.0,0.0
Miles Boykin,WR,56,59.0,35,59.32,481,13.74,0.62,7,0.0,0.0,0.0,0.0,0.0
Mitchell Wilcox,TE,31,23.0,20,86.96,155,7.75,0.65,1,0.0,0.0,0.0,0.0,0.0
Mo Alie-Cox,TE,74,136.0,89,65.44,1125,12.64,1.2,11,0.0,0.0,0.0,0.0,0.0
Mohamed Sanu,WR,127,632.0,419,66.3,4717,11.26,3.3,23,37.0,211.0,2.0,5.7,1.77
Montrell Washington,WR,15,9.0,4,44.44,2,0.5,0.27,0,5.0,30.0,0.0,6.0,2.0
MyCole Pruitt,TE,91,84.0,62,73.81,638,10.29,0.68,11,0.0,0.0,0.0,0.0,0.0
Mychal Rivera,TE,61,230.0,146,63.48,1413,9.68,2.39,10,0.0,0.0,0.0,0.0,0.0
Myles White,WR,19,32.0,16,50.0,154,9.62,0.84,1,0.0,0.0,0.0,0.0,0.0
N'Keal Harry,WR,40,112.0,64,57.14,714,11.16,1.6,5,7.0,49.0,0.0,7.0,2.33
Nate Burleson,WR,9,55.0,39,70.91,461,11.82,4.33,1,2.0,-8.0,0.0,-4.0,-0.89
Nate Byham,TE,4,3.0,3,100.0,38,12.67,0.75,0,0.0,0.0,0.0,0.0,0.0
Nate Washington,WR,46,271.0,145,53.51,2224,15.34,3.15,9,0.0,0.0,0.0,0.0,0.0
Neal Sterling,WR,26,34.0,24,70.59,239,9.96,0.92,0,0.0,0.0,0.0,0.0,0.0
Nelson Agholor,WR,118,573.0,340,59.34,4246,12.49,2.88,31,14.0,71.0,0.0,5.07,0.97
Nic Jacobs,TE,24,6.0,3,50.0,22,7.33,0.12,1,0.0,0.0,0.0,0.0,0.0
Nick Boyle,TE,78,165.0,121,73.33,1049,8.67,1.55,4,0.0,0.0,0.0,0.0,0.0
Nick Keizer,TE,16,9.0,6,66.67,63,10.5,0.38,0,0.0,0.0,0.0,0.0,0.0
Nick O'Leary,TE,43,63.0,44,69.84,554,12.59,1.02,4,0.0,0.0,0.0,0.0,0.0
Nick Toon,WR,16,35.0,21,60.0,283,13.48,1.31,1,1.0,4.0,0.0,4.0,0.5
Nick Vannett,TE,77,120.0,84,70.0,819,9.75,1.09,6,0.0,0.0,0.0,0.0,0.0
Nick Westbrook-Ikhine,WR,47,115.0,66,57.39,906,13.73,1.4,7,0.0,0.0,0.0,0.0,0.0
Nick Williams,WR,26,52.0,30,57.69,280,9.33,1.15,2,0.0,0.0,0.0,0.0,0.0
Nico Collins,WR,24,126.0,70,55.56,927,13.24,2.92,3,0.0,0.0,0.0,0.0,0.0
Niles Paul,TE,30,71.0,52,73.24,601,11.56,1.73,1,2.0,4.0,0.0,2.0,0.29
Niles Paul,WR,29,23.0,16,69.57,176,11.0,0.55,0,1.0,-3.0,0.0,-3.0,-0.5
Noah Brown,WR,66,140.0,82,58.57,980,11.95,1.24,3,1.0,4.0,0.0,4.0,0.25
Noah Fant,TE,64,312.0,220,70.51,2391,10.87,3.44,14,3.0,-12.0,0.0,-4.0,-0.75
Noah Gray,TE,33,44.0,35,79.55,335,9.57,1.06,2,1.0,1.0,1.0,1.0,0.06
Nsimba Webster,WR,2,3.0,2,66.67,14,7.0,1.0,0,0.0,0.0,0.0,0.0,0.0
O.J. Howard,TE,72,203.0,129,63.55,1882,14.59,1.79,17,0.0,0.0,0.0,0.0,0.0
Odell Beckham Jr.,WR,96,880.0,531,60.34,7367,13.87,5.53,56,23.0,170.0,1.0,7.39,1.77
Olabisi Johnson,WR,32,64.0,45,70.31,483,10.73,1.41,3,1.0,6.0,0.0,6.0,0.38
Olamide Zaccheaus,WR,55,151.0,94,62.25,1328,14.13,1.71,8,4.0,9.0,0.0,2.25,0.2
Orson Charles,TE,31,9.0,6,66.67,84,14.0,0.19,0,0.0,0.0,0.0,0.0,0.0
Owen Daniels,TE,36,197.0,118,59.9,1296,10.98,3.28,10,0.0,0.0,0.0,0.0,0.0
Parker Hesse,TE,17,11.0,9,81.82,89,9.89,0.53,0,0.0,0.0,0.0,0.0,0.0
Parris Campbell,WR,32,144.0,97,67.36,983,10.13,3.03,5,11.0,108.0,0.0,9.82,4.15
Pat Freiermuth,TE,32,177.0,123,69.49,1229,9.99,3.84,9,0.0,0.0,0.0,0.0,0.0
Patrick Edwards,WR,4,11.0,5,45.45,46,9.2,1.25,0,0.0,0.0,0.0,0.0,0.0
Paul Richardson,WR,64,238.0,143,60.08,1809,12.65,2.23,12,4.0,14.0,0.0,3.5,0.44
Paul Turner,WR,4,14.0,9,64.29,126,14.0,2.25,0,0.0,0.0,0.0,0.0,0.0
Penny Hart,WR,39,17.0,11,64.71,82,7.45,0.28,0,1.0,19.0,0.0,19.0,1.46
Percy Harvin,WR,21,113.0,73,64.6,724,9.92,3.48,2,39.0,244.0,1.0,6.26,12.2
Peyton Hendershot,TE,17,16.0,11,68.75,103,9.36,0.65,2,1.0,2.0,1.0,2.0,0.12
Pharaoh Brown,TE,53,73.0,51,69.86,478,9.37,0.96,2,0.0,0.0,0.0,0.0,0.0
Pharoh Cooper,WR,75,94.0,61,64.89,545,8.93,0.81,1,7.0,26.0,0.0,3.71,0.62
Phillip Dorsett,WR,92,266.0,151,56.77,2001,13.25,1.64,12,14.0,84.0,0.0,6.0,1.09
Phillip Supernaw,TE,55,18.0,14,77.78,163,11.64,0.25,1,0.0,0.0,0.0,0.0,0.0
Pierre Garcon,WR,80,624.0,396,63.46,4702,11.87,4.95,18,2.0,19.0,0.0,9.5,1.19
Preston Parker,WR,18,68.0,41,60.29,458,11.17,2.28,2,0.0,0.0,0.0,0.0,0.0
Preston Williams,WR,24,111.0,56,50.45,787,14.05,2.33,7,1.0,7.0,0.0,7.0,0.88
Quan Bray,WR,15,8.0,6,75.0,75,12.5,0.4,0,1.0,7.0,0.0,7.0,1.17
Quez Watkins,WR,40,126.0,83,65.87,1107,13.34,2.08,5,4.0,4.0,0.0,1.0,0.12
Quincy Enunwa,WR,40,222.0,119,53.6,1617,13.59,2.98,5,2.0,12.0,0.0,6.0,0.44
Quintez Cephus,WR,22,60.0,37,61.67,568,15.35,1.68,4,0.0,0.0,0.0,0.0,0.0
Quintin Morris,TE,14,11.0,8,72.73,84,10.5,0.57,1,0.0,0.0,0.0,0.0,0.0
Quinton Patton,WR,40,133.0,73,54.89,880,12.05,1.82,1,3.0,51.0,0.0,17.0,1.96
Racey McMath,WR,14,14.0,4,28.57,48,12.0,0.29,0,1.0,4.0,0.0,4.0,0.8
Randall Cobb,WR,125,760.0,520,68.42,6256,12.03,4.16,44,51.0,227.0,0.0,4.45,2.44
Randall Telfer,TE,30,11.0,5,45.45,40,8.0,0.17,0,0.0,0.0,0.0,0.0,0.0
Rashad Greene,WR,25,51.0,30,58.82,185,6.17,1.2,2,0.0,0.0,0.0,0.0,0.0
Rashad Ross,WR,18,14.0,9,64.29,192,21.33,0.5,1,0.0,0.0,0.0,0.0,0.0
Rashard Higgins,WR,82,225.0,137,60.89,1890,13.8,1.67,12,1.0,4.0,0.0,4.0,0.27
Rashid Shaheed,WR,12,34.0,28,82.35,488,17.43,2.33,2,4.0,57.0,1.0,14.25,4.75
Rashod Bateman,WR,18,96.0,61,63.54,800,13.11,3.39,3,0.0,0.0,0.0,0.0,0.0
Ray-Ray McCloud,WR,59,119.0,78,65.55,633,8.12,1.32,1,12.0,162.0,1.0,13.5,2.75
Reggie Wayne,WR,22,174.0,102,58.62,1282,12.57,4.64,4,1.0,5.0,0.0,5.0,0.71
Rhett Ellison,TE,76,125.0,88,70.4,896,10.18,1.16,5,1.0,1.0,1.0,1.0,0.07
Ricardo Lockette,WR,32,29.0,20,68.97,346,17.3,0.62,3,2.0,0.0,0.0,0.0,0.0
Ricardo Louis,WR,32,96.0,45,46.88,562,12.49,1.41,0,0.0,0.0,0.0,0.0,0.0
Richard Rodgers,TE,97,219.0,148,67.58,1533,10.36,1.53,15,1.0,11.0,0.0,11.0,0.69
Richie James,WR,57,129.0,95,73.64,1258,13.24,1.67,7,4.0,5.0,0.0,1.25,0.15
Ricky Seals-Jones,TE,28,118.0,64,54.24,614,9.59,2.29,3,0.0,0.0,0.0,0.0,0.0
Ricky Seals-Jones,WR,24,50.0,26,52.0,430,16.54,1.08,7,0.0,0.0,0.0,0.0,0.0
Rico Gathers,TE,15,7.0,3,42.86,45,15.0,0.2,0,0.0,0.0,0.0,0.0,0.0
Riley Cooper,WR,48,220.0,123,55.91,1739,14.14,2.56,13,0.0,0.0,0.0,0.0,0.0
Riley Ridley,WR,10,11.0,10,90.91,108,10.8,1.0,0,0.0,0.0,0.0,0.0,0.0
Rishard Matthews,TE,16,67.0,41,61.19,448,10.93,2.56,2,0.0,0.0,0.0,0.0,0.0
Rishard Matthews,WR,63,287.0,178,62.02,2561,14.39,2.83,19,3.0,4.0,0.0,1.33,0.1
River Cracraft,WR,28,25.0,16,64.0,187,11.69,0.57,2,0.0,0.0,0.0,0.0,0.0
Rob Gronkowski,TE,100,698.0,434,62.18,6623,15.26,4.34,54,0.0,0.0,0.0,0.0,0.0
Rob Housler,TE,38,81.0,52,64.2,616,11.85,1.37,1,1.0,1.0,0.0,1.0,0.07
Robert Davis,WR,6,5.0,2,40.0,17,8.5,0.33,0,0.0,0.0,0.0,0.0,0.0
Robert Foster,WR,30,68.0,32,47.06,642,20.06,1.07,3,2.0,29.0,0.0,14.5,2.23
Robert Herron,WR,8,12.0,6,50.0,58,9.67,0.75,1,1.0,0.0,0.0,0.0,0.0
Robert Meachem,WR,26,50.0,23,46.0,438,19.04,0.88,2,2.0,-1.0,0.0,-0.5,-0.07
Robert Tonyan,TE,68,176.0,137,77.84,1437,10.49,2.01,17,0.0,0.0,0.0,0.0,0.0
Robert Woods,WR,142,988.0,623,63.06,7604,12.21,4.39,37,74.0,507.0,5.0,6.85,4.65
Rod Streater,WR,36,141.0,88,62.41,1171,13.31,2.44,7,3.0,6.0,0.0,2.0,0.32
Roddy White,WR,43,292.0,186,63.7,2138,11.49,4.33,11,0.0,0.0,0.0,0.0,0.0
Roger Lewis,WR,28,91.0,43,47.25,513,11.93,1.54,4,0.0,0.0,0.0,0.0,0.0
Romeo Doubs,WR,13,67.0,42,62.69,425,10.12,3.23,3,1.0,11.0,0.0,11.0,0.85
Rondale Moore,WR,22,120.0,95,79.17,849,8.94,4.32,2,24.0,71.0,0.0,2.96,3.23
Ross Dwelley,TE,72,58.0,43,74.14,506,11.77,0.6,5,0.0,0.0,0.0,0.0,0.0
Rueben Randle,WR,48,295.0,169,57.29,2346,13.88,3.52,17,0.0,0.0,0.0,0.0,0.0
Russell Gage,WR,74,357.0,244,68.35,2491,10.21,3.3,14,6.0,21.0,0.0,3.5,0.66
Russell Shepard,WR,73,116.0,60,51.72,847,14.12,0.82,6,3.0,28.0,0.0,9.33,0.97
Ryan Broyles,WR,11,19.0,10,52.63,110,11.0,0.91,0,0.0,0.0,0.0,0.0,0.0
Ryan Grant,WR,80,202.0,123,60.89,1333,10.84,1.54,7,0.0,0.0,0.0,0.0,0.0
Ryan Griffin,TE,134,324.0,210,64.81,2184,10.4,1.57,14,0.0,0.0,0.0,0.0,0.0
Ryan Hewitt,TE,47,30.0,20,66.67,198,9.9,0.43,0,1.0,0.0,0.0,0.0,0.0
Ryan Izzo,TE,18,29.0,19,65.52,313,16.47,1.06,1,0.0,0.0,0.0,0.0,0.0
Ryan Switzer,WR,41,62.0,50,80.65,321,6.42,1.22,1,10.0,26.0,0.0,2.6,0.81
Ryan Taylor,TE,14,9.0,6,66.67,30,5.0,0.43,0,0.0,0.0,0.0,0.0,0.0
Sammie Coates,WR,44,64.0,29,45.31,528,18.21,0.66,2,4.0,14.0,0.0,3.5,1.0
Sammy Watkins,WR,99,595.0,348,58.49,5059,14.54,3.52,34,11.0,76.0,0.0,6.91,1.21
Samori Toure,WR,11,10.0,5,50.0,82,16.4,0.45,1,0.0,0.0,0.0,0.0,0.0
Santana Moss,WR,26,94.0,52,55.32,568,10.92,2.0,2,3.0,25.0,0.0,8.33,1.56
Santonio Holmes,WR,20,73.0,31,42.47,523,16.87,1.55,1,0.0,0.0,0.0,0.0,0.0
Scott Chandler,TE,47,193.0,123,63.73,1411,11.47,2.62,9,0.0,0.0,0.0,0.0,0.0
Scott Miller,WR,50,128.0,74,57.81,924,12.49,1.48,4,8.0,81.0,1.0,10.12,1.62
Scott Simonson,TE,30,17.0,12,70.59,107,8.92,0.4,1,0.0,0.0,0.0,0.0,0.0
Sean Culkin,TE,17,3.0,2,66.67,36,18.0,0.12,0,0.0,0.0,0.0,0.0,0.0
Sean McGrath,TE,47,46.0,32,69.57,373,11.66,0.68,2,0.0,0.0,0.0,0.0,0.0
Sean McKeon,TE,22,9.0,6,66.67,38,6.33,0.27,1,0.0,0.0,0.0,0.0,0.0
Seth Devalve,TE,53,95.0,60,63.16,736,12.27,1.13,4,0.0,0.0,0.0,0.0,0.0
Seth Roberts,WR,85,302.0,183,60.6,2128,11.63,2.15,15,3.0,5.0,0.0,1.67,0.33
Seyi Ajirotutu,WR,43,19.0,8,42.11,113,14.12,0.19,1,0.0,0.0,0.0,0.0,0.0
Shane Zylstra,TE,17,22.0,14,63.64,94,6.71,0.82,4,0.0,0.0,0.0,0.0,0.0
Shelton Gibson,WR,20,6.0,3,50.0,59,19.67,0.15,0,0.0,0.0,0.0,0.0,0.0
Shi Smith,WR,23,52.0,28,53.85,400,14.29,1.22,2,1.0,-3.0,0.0,-3.0,-0.5
Sidney Rice,WR,8,35.0,15,42.86,231,15.4,1.88,3,0.0,0.0,0.0,0.0,0.0
Simi Fehoko,WR,5,4.0,3,75.0,24,8.0,0.6,0,0.0,0.0,0.0,0.0,0.0
Skye Dawson,WR,7,7.0,2,28.57,12,6.0,0.29,0,2.0,15.0,0.0,7.5,2.14
Skyy Moore,WR,16,33.0,22,66.67,250,11.36,1.38,0,3.0,24.0,0.0,8.0,1.5
Stanley Morgan Jr.,WR,28,14.0,5,35.71,29,5.8,0.18,0,1.0,3.0,0.0,3.0,0.18
Stedman Bailey,WR,38,96.0,59,61.46,843,14.29,1.55,2,3.0,46.0,1.0,15.33,1.53
Stefon Diggs,WR,119,1018.0,703,69.06,8812,12.53,5.91,59,31.0,157.0,0.0,5.06,1.54
Stephen Anderson,TE,77,105.0,63,60.0,715,11.35,0.82,3,0.0,0.0,0.0,0.0,0.0
Stephen Burton,WR,4,13.0,8,61.54,76,9.5,2.0,0,1.0,-9.0,0.0,-9.0,-2.25
Stephen Carlson,TE,25,9.0,6,66.67,62,10.33,0.24,1,0.0,0.0,0.0,0.0,0.0
Stephen Hill,WR,12,59.0,24,40.68,342,14.25,2.0,1,0.0,0.0,0.0,0.0,0.0
Stephen Sullivan,TE,14,6.0,2,33.33,46,23.0,0.14,0,0.0,0.0,0.0,0.0,0.0
Sterling Shepard,WR,75,546.0,362,66.3,4038,11.15,4.83,22,23.0,180.0,1.0,7.83,2.5
Steve Johnson,WR,35,216.0,132,61.11,1529,11.58,3.77,9,1.0,10.0,0.0,10.0,0.83
Steve Smith Sr.,WR,52,418.0,259,61.96,3279,12.66,4.98,18,0.0,0.0,0.0,0.0,0.0
Steven Mitchell,WR,9,14.0,7,50.0,97,13.86,0.78,0,0.0,0.0,0.0,0.0,0.0
Steven Sims,WR,40,116.0,75,64.66,679,9.05,1.88,5,23.0,173.0,1.0,7.52,4.32
Stone Smartt,TE,7,5.0,4,80.0,17,4.25,0.57,0,0.0,0.0,0.0,0.0,0.0
T.J. Graham,WR,32,70.0,30,42.86,472,15.73,0.94,3,4.0,14.0,0.0,3.5,0.88
T.J. Hockenson,TE,57,373.0,246,65.95,2587,10.52,4.32,18,1.0,0.0,0.0,0.0,0.0
T.J. Jones,WR,45,111.0,67,60.36,852,12.72,1.49,5,1.0,-3.0,0.0,-3.0,-0.3
T.Y. Hilton,WR,131,996.0,588,59.04,8951,15.22,4.49,46,4.0,26.0,0.0,6.5,0.84
Tajae Sharpe,WR,62,202.0,117,57.92,1397,11.94,1.89,8,2.0,17.0,0.0,8.5,0.53
Tandon Doss,WR,15,36.0,19,52.78,305,16.05,1.27,0,0.0,0.0,0.0,0.0,0.0
Tanner Hudson,TE,31,27.0,15,55.56,199,13.27,0.48,0,0.0,0.0,0.0,0.0,0.0
Tanner McEvoy,TE,29,20.0,14,70.0,253,18.07,0.48,2,0.0,0.0,0.0,0.0,0.0
Tavarres King,WR,17,44.0,22,50.0,303,13.77,1.29,3,2.0,3.0,0.0,1.5,0.38
Tavon Austin,WR,113,407.0,244,59.95,2239,9.18,2.16,16,199.0,1361.0,10.0,6.84,12.49
Taylor Gabriel,WR,83,362.0,228,62.98,2860,12.54,2.75,14,28.0,191.0,1.0,6.82,2.73
Taylor Thompson,TE,19,11.0,5,45.45,37,7.4,0.26,1,0.0,0.0,0.0,0.0,0.0
Taysom Hill,TE,16,13.0,9,69.23,77,8.56,0.56,2,96.0,575.0,7.0,5.99,35.94
Taysom Hill,WR,16,22.0,19,86.36,234,12.32,1.19,6,27.0,156.0,1.0,5.78,9.75
Taywan Taylor,WR,29,84.0,53,63.1,697,13.15,1.83,2,8.0,43.0,0.0,5.38,2.69
Teagan Quitoriano,TE,9,14.0,7,50.0,113,16.14,0.78,2,0.0,0.0,0.0,0.0,0.0
Ted Ginn Jr.,WR,105,448.0,251,56.03,3694,14.72,2.39,27,41.0,276.0,0.0,6.73,2.79
Tee Higgins,WR,46,327.0,215,65.75,3028,14.08,4.67,19,5.0,28.0,0.0,5.6,1.75
Terrace Marshall Jr.,WR,27,77.0,45,58.44,628,13.96,1.67,1,0.0,0.0,0.0,0.0,0.0
Terrance Williams,WR,83,375.0,232,61.87,3377,14.56,2.8,20,5.0,19.0,0.0,3.8,0.59
Terrelle Pryor,WR,28,185.0,98,52.97,1289,13.15,3.5,5,9.0,20.0,1.0,2.22,1.05
Terry Godwin,WR,3,6.0,3,50.0,32,10.67,1.0,0,1.0,3.0,0.0,3.0,1.0
Terry McLaurin,WR,63,477.0,299,62.68,4281,14.32,4.75,21,10.0,71.0,0.0,7.1,1.45
Tevin Jones,WR,5,10.0,4,40.0,61,15.25,0.8,0,0.0,0.0,0.0,0.0,0.0
Tim Jones,WR,17,4.0,3,75.0,30,10.0,0.18,0,0.0,0.0,0.0,0.0,0.0
Tim Patrick,WR,55,236.0,143,60.59,2009,14.05,2.6,12,3.0,17.0,0.0,5.67,1.06
Tim Wright,TE,41,125.0,89,71.2,907,10.19,2.17,13,2.0,0.0,0.0,0.0,0.0
Tiquan Underwood,WR,12,46.0,24,52.17,440,18.33,2.0,4,0.0,0.0,0.0,0.0,0.0
Tom Crabtree,TE,7,7.0,4,57.14,21,5.25,0.57,1,0.0,0.0,0.0,0.0,0.0
Tom Kennedy,WR,19,25.0,14,56.0,195,13.93,0.74,0,0.0,0.0,0.0,0.0,0.0
Tommy Hudson,TE,5,6.0,3,50.0,31,10.33,0.6,0,0.0,0.0,0.0,0.0,0.0
Tommy Sweeney,TE,24,26.0,18,69.23,165,9.17,0.75,1,0.0,0.0,0.0,0.0,0.0
Tommy Tremble,TE,33,67.0,39,58.21,354,9.08,1.18,4,3.0,11.0,1.0,3.67,0.69
Tommylee Lewis,WR,41,33.0,22,66.67,264,12.0,0.54,2,9.0,49.0,0.0,5.44,1.26
Tony Gonzalez,TE,16,121.0,83,68.6,859,10.35,5.19,8,0.0,0.0,0.0,0.0,0.0
Tony Moeaki,TE,17,18.0,11,61.11,192,17.45,0.65,2,0.0,0.0,0.0,0.0,0.0
Tony Scheffler,TE,5,12.0,7,58.33,82,11.71,1.4,0,0.0,0.0,0.0,0.0,0.0
Torrey Smith,WR,87,438.0,220,50.23,3445,15.66,2.53,26,1.0,-3.0,0.0,-3.0,-0.19
Travis Benjamin,WR,87,361.0,190,52.63,2845,14.97,2.18,17,30.0,202.0,0.0,6.73,2.46
Travis Fulgham,WR,16,70.0,38,54.29,539,14.18,2.38,4,0.0,0.0,0.0,0.0,0.0
Travis Kelce,TE,143,1146.0,814,71.03,10344,12.71,5.69,69,8.0,14.0,2.0,1.75,0.18
Travis Rudolph,WR,7,21.0,8,38.1,101,12.62,1.14,0,0.0,0.0,0.0,0.0,0.0
Tre McBride,WR,15,19.0,10,52.63,152,15.2,0.67,1,1.0,8.0,0.0,8.0,1.14
Tre' McKitty,TE,28,26.0,16,61.54,117,7.31,0.57,0,0.0,0.0,0.0,0.0,0.0
Tre'Quan Smith,WR,66,196.0,131,66.84,1764,13.47,1.98,18,1.0,3.0,0.0,3.0,0.21
Trent Sherfield,WR,78,119.0,67,56.3,844,12.6,0.86,4,0.0,0.0,0.0,0.0,0.0
Trent Taylor,WR,61,135.0,87,64.44,834,9.59,1.43,3,4.0,15.0,0.0,3.75,0.94
Trenton Irwin,WR,17,30.0,18,60.0,270,15.0,1.06,4,1.0,11.0,0.0,11.0,1.22
Trevon Wesco,TE,54,14.0,8,57.14,113,14.12,0.15,0,2.0,2.0,0.0,1.0,0.07
Trevor Davis,WR,41,25.0,16,64.0,205,12.81,0.39,1,6.0,86.0,1.0,14.33,2.87
Trey Burton,TE,83,242.0,159,65.7,1532,9.64,1.92,15,8.0,15.0,2.0,1.88,0.34
Trey McBride,TE,16,39.0,29,74.36,265,9.14,1.81,1,0.0,0.0,0.0,0.0,0.0
Trey Quinn,WR,15,57.0,35,61.4,273,7.8,2.33,2,1.0,0.0,0.0,0.0,0.0
Treylon Burks,WR,11,54.0,33,61.11,444,13.45,3.0,1,4.0,47.0,0.0,11.75,4.27
Trinity Benson,WR,8,22.0,10,45.45,103,10.3,1.25,0,0.0,0.0,0.0,0.0,0.0
Troy Fumagalli,TE,19,24.0,14,58.33,118,8.43,0.74,2,0.0,0.0,0.0,0.0,0.0
Troy Niklas,TE,41,32.0,19,59.38,203,10.68,0.46,3,0.0,0.0,0.0,0.0,0.0
Tutu Atwell,WR,13,35.0,18,51.43,298,16.56,1.38,1,9.0,34.0,1.0,3.78,2.62
Ty Montgomery,WR,56,112.0,75,66.96,598,7.97,1.34,3,112.0,448.0,1.0,4.0,8.0
Tylan Wallace,WR,26,13.0,6,46.15,56,9.33,0.23,0,0.0,0.0,0.0,0.0,0.0
Tyler Boyd,WR,103,655.0,446,68.09,5333,11.96,4.33,29,17.0,155.0,0.0,9.12,2.01
Tyler Conklin,TE,81,217.0,151,69.59,1474,9.76,1.86,7,2.0,3.0,0.0,1.5,0.18
Tyler Davis,TE,31,12.0,8,66.67,61,7.62,0.26,0,0.0,0.0,0.0,0.0,0.0
Tyler Eifert,TE,74,331.0,221,66.77,2501,11.32,2.99,26,0.0,0.0,0.0,0.0,0.0
Tyler Higbee,TE,110,450.0,306,68.0,3107,10.15,2.78,20,1.0,1.0,0.0,1.0,0.07
Tyler Johnson,WR,31,72.0,48,66.67,529,11.02,1.55,2,0.0,0.0,0.0,0.0,0.0
Tyler Kroft,TE,92,155.0,105,67.74,1081,10.3,1.14,13,0.0,0.0,0.0,0.0,0.0
Tyler Lockett,WR,127,742.0,533,71.83,7100,13.32,4.2,54,40.0,265.0,1.0,6.62,2.79
Tyquan Thornton,WR,13,45.0,22,48.89,247,11.23,1.69,2,3.0,16.0,1.0,5.33,1.23
Tyreek Hill,WR,108,878.0,598,68.11,8340,13.95,5.54,63,100.0,751.0,7.0,7.51,6.95
Tyrell Williams,WR,70,325.0,199,61.23,3195,16.06,2.84,23,2.0,15.0,0.0,7.5,0.94
Tyrie Cleveland,WR,16,16.0,8,50.0,91,11.38,0.5,0,0.0,0.0,0.0,0.0,0.0
Tyron Johnson,WR,26,32.0,23,71.88,422,18.35,0.88,3,3.0,17.0,0.0,5.67,1.42
Tyrone Swoopes,TE,6,2.0,2,100.0,28,14.0,0.33,0,0.0,0.0,0.0,0.0,0.0
Van Jefferson,WR,44,164.0,93,56.71,1391,14.96,2.11,10,3.0,19.0,0.0,6.33,0.58
Vance McDonald,TE,90,244.0,157,64.34,1645,10.48,1.74,11,1.0,2.0,0.0,2.0,0.14
Vance McDonald,WR,11,45.0,24,53.33,391,16.29,2.18,4,0.0,0.0,0.0,0.0,0.0
Velus Jones Jr.,WR,12,14.0,7,50.0,107,15.29,0.58,1,9.0,103.0,1.0,11.44,8.58
Vernon Davis,TE,94,375.0,238,63.47,3211,13.49,2.53,23,1.0,4.0,0.0,4.0,0.29
Victor Cruz,WR,35,235.0,135,57.45,1921,14.23,3.86,6,0.0,0.0,0.0,0.0,0.0
Vincent Brown,WR,24,93.0,54,58.06,612,11.33,2.25,1,0.0,0.0,0.0,0.0,0.0
Vincent Jackson,WR,47,396.0,196,49.49,2942,15.01,4.17,12,1.0,0.0,0.0,0.0,0.0
Virgil Green,TE,110,138.0,94,68.12,1058,11.26,0.85,7,2.0,3.0,0.0,1.5,0.23
Visanthe Shiancoe,TE,1,2.0,2,100.0,2,1.0,2.0,0,0.0,0.0,0.0,0.0,0.0
Vyncint Smith,WR,27,44.0,23,52.27,329,14.3,0.85,1,3.0,52.0,1.0,17.33,4.0
Walt Powell,WR,9,25.0,14,56.0,142,10.14,1.56,0,0.0,0.0,0.0,0.0,0.0
Wan'Dale Robinson,WR,6,31.0,23,74.19,227,9.87,3.83,1,2.0,-1.0,0.0,-0.5,-0.17
Wendall Williams,WR,3,7.0,4,57.14,75,18.75,1.33,0,0.0,0.0,0.0,0.0,0.0
Wes Welker,WR,35,197.0,135,68.53,1344,9.96,3.86,12,0.0,0.0,0.0,0.0,0.0
Weslye Saunders,TE,6,11.0,4,36.36,46,11.5,0.67,0,0.0,0.0,0.0,0.0,0.0
Will Dissly,TE,56,134.0,110,82.09,1249,11.35,1.96,12,1.0,7.0,0.0,7.0,1.17
Will Fuller,WR,55,341.0,213,62.46,3136,14.72,3.87,24,4.0,6.0,0.0,1.5,0.17
Will Tye,TE,32,138.0,94,68.12,897,9.54,2.94,4,0.0,0.0,0.0,0.0,0.0
Willie Snead,WR,95,418.0,279,66.75,3431,12.3,2.94,16,3.0,15.0,0.0,5.0,0.47
Xavier Grimble,TE,47,41.0,23,56.1,239,10.39,0.49,3,0.0,0.0,0.0,0.0,0.0
Zach Ertz,TE,144,1018.0,682,66.99,7247,10.63,4.74,45,1.0,4.0,0.0,4.0,0.24
Zach Gentry,TE,38,49.0,39,79.59,303,7.77,1.03,0,0.0,0.0,0.0,0.0,0.0
Zach Miller,TE,50,208.0,140,67.31,1624,11.6,2.8,16,0.0,0.0,0.0,0.0,0.0
Zach Pascal,WR,81,277.0,165,59.57,2038,12.35,2.04,16,7.0,47.0,0.0,6.71,0.72
Zach Sudfeld,TE,30,17.0,10,58.82,148,14.8,0.33,0,0.0,0.0,0.0,0.0,0.0
Zay Jones,WR,95,432.0,253,58.56,2707,10.7,2.66,16,8.0,24.0,0.0,3.0,0.38
